source_file,system_id,strategy,elapsed,basis_size,n_steps,reward,finished
Final_1000_3_25_10_0.3_weighted.csv,1,sugar,0.009801864624023438,4,70,,1
Final_1000_3_25_10_0.3_weighted.csv,2,sugar,0.013941049575805664,8,91,,1
Final_1000_3_25_10_0.3_weighted.csv,3,sugar,0.00989079475402832,3,24,,1
Final_1000_3_25_10_0.3_weighted.csv,4,sugar,0.1188666820526123,4,125,,1
Final_1000_3_25_10_0.3_weighted.csv,6,sugar,0.007963895797729492,2,42,,1
Final_1000_3_25_10_0.3_weighted.csv,7,sugar,0.47092318534851074,3,188,,1
Final_1000_3_25_10_0.3_weighted.csv,8,sugar,8.131970167160034,2,612,,1
Final_1000_3_25_10_0.3_weighted.csv,9,sugar,0.2851393222808838,2,193,,1
Final_1000_3_25_10_0.3_weighted.csv,11,sugar,0.007918596267700195,2,48,,1
Final_1000_3_25_10_0.3_weighted.csv,12,sugar,0.01832866668701172,2,92,,1
Final_1000_3_25_10_0.3_weighted.csv,13,sugar,0.38403820991516113,4,191,,1
Final_1000_3_25_10_0.3_weighted.csv,14,sugar,10.15160608291626,6,587,,1
Final_1000_3_25_10_0.3_weighted.csv,16,sugar,0.07874131202697754,4,100,,1
Final_1000_3_25_10_0.3_weighted.csv,17,sugar,0.0056378841400146484,3,51,,1
Final_1000_3_25_10_0.3_weighted.csv,18,sugar,16.69715404510498,8,633,,1
Final_1000_3_25_10_0.3_weighted.csv,19,sugar,0.4363834857940674,6,197,,1
Final_1000_3_25_10_0.3_weighted.csv,21,sugar,0.013209819793701172,1,64,,1
Final_1000_3_25_10_0.3_weighted.csv,22,sugar,0.01002955436706543,3,95,,1
Final_1000_3_25_10_0.3_weighted.csv,23,sugar,3.159024477005005,2,392,,1
Final_1000_3_25_10_0.3_weighted.csv,24,sugar,0.009505748748779297,3,41,,1
Final_1000_3_25_10_0.3_weighted.csv,26,sugar,0.20838570594787598,6,135,,1
Final_1000_3_25_10_0.3_weighted.csv,27,sugar,0.01464533805847168,4,79,,1
Final_1000_3_25_10_0.3_weighted.csv,28,sugar,0.020087480545043945,3,97,,1
Final_1000_3_25_10_0.3_weighted.csv,29,sugar,0.2996351718902588,2,190,,1
Final_1000_3_25_10_0.3_weighted.csv,31,sugar,88.56197690963745,3,1258,,1
Final_1000_3_25_10_0.3_weighted.csv,32,sugar,0.040273189544677734,6,84,,1
Final_1000_3_25_10_0.3_weighted.csv,33,sugar,0.056391000747680664,3,109,,1
Final_1000_3_25_10_0.3_weighted.csv,34,sugar,0.4746072292327881,6,231,,1
Final_1000_3_25_10_0.3_weighted.csv,36,sugar,4.867096185684204,2,451,,1
Final_1000_3_25_10_0.3_weighted.csv,37,sugar,0.777949333190918,4,220,,1
Final_1000_3_25_10_0.3_weighted.csv,38,sugar,0.13312888145446777,7,175,,1
Final_1000_3_25_10_0.3_weighted.csv,39,sugar,1.004756212234497,6,289,,1
Final_1000_3_25_10_0.3_weighted.csv,41,sugar,0.015541791915893555,3,82,,1
Final_1000_3_25_10_0.3_weighted.csv,42,sugar,0.02945876121520996,3,129,,1
Final_1000_3_25_10_0.3_weighted.csv,43,sugar,0.13106584548950195,5,129,,1
Final_1000_3_25_10_0.3_weighted.csv,44,sugar,0.014663219451904297,2,79,,1
Final_1000_3_25_10_0.3_weighted.csv,46,sugar,22.48336958885193,3,748,,1
Final_1000_3_25_10_0.3_weighted.csv,47,sugar,0.013606786727905273,4,25,,1
Final_1000_3_25_10_0.3_weighted.csv,48,sugar,0.1738739013671875,7,146,,1
Final_1000_3_25_10_0.3_weighted.csv,49,sugar,0.029748201370239258,4,106,,1
Final_1000_3_25_10_0.3_weighted.csv,51,sugar,0.13612937927246094,3,144,,1
Final_1000_3_25_10_0.3_weighted.csv,52,sugar,0.0007801055908203125,3,13,,1
Final_1000_3_25_10_0.3_weighted.csv,53,sugar,0.00888371467590332,3,64,,1
Final_1000_3_25_10_0.3_weighted.csv,54,sugar,0.012527704238891602,5,67,,1
Final_1000_3_25_10_0.3_weighted.csv,56,sugar,0.009700536727905273,2,70,,1
Final_1000_3_25_10_0.3_weighted.csv,57,sugar,0.37009119987487793,3,163,,1
Final_1000_3_25_10_0.3_weighted.csv,58,sugar,0.0161285400390625,3,68,,1
Final_1000_3_25_10_0.3_weighted.csv,59,sugar,0.008083820343017578,3,64,,1
Final_1000_3_25_10_0.3_weighted.csv,61,sugar,0.2221674919128418,3,157,,1
Final_1000_3_25_10_0.3_weighted.csv,62,sugar,0.537257194519043,8,259,,1
Final_1000_3_25_10_0.3_weighted.csv,63,sugar,0.01007080078125,5,71,,1
Final_1000_3_25_10_0.3_weighted.csv,64,sugar,0.03386354446411133,8,96,,1
Final_1000_3_25_10_0.3_weighted.csv,66,sugar,9.411193609237671,4,596,,1
Final_1000_3_25_10_0.3_weighted.csv,67,sugar,0.012583732604980469,7,57,,1
Final_1000_3_25_10_0.3_weighted.csv,68,sugar,0.008747100830078125,4,53,,1
Final_1000_3_25_10_0.3_weighted.csv,69,sugar,15.211756706237793,4,661,,1
Final_1000_3_25_10_0.3_weighted.csv,71,sugar,0.014620304107666016,3,68,,1
Final_1000_3_25_10_0.3_weighted.csv,72,sugar,0.014329910278320312,2,104,,1
Final_1000_3_25_10_0.3_weighted.csv,73,sugar,0.08412003517150879,4,99,,1
Final_1000_3_25_10_0.3_weighted.csv,74,sugar,0.9452152252197266,8,277,,1
Final_1000_3_25_10_0.3_weighted.csv,76,sugar,0.10227727890014648,2,120,,1
Final_1000_3_25_10_0.3_weighted.csv,77,sugar,1.0155513286590576,2,252,,1
Final_1000_3_25_10_0.3_weighted.csv,78,sugar,0.0022284984588623047,2,35,,1
Final_1000_3_25_10_0.3_weighted.csv,79,sugar,0.022954463958740234,2,95,,1
Final_1000_3_25_10_0.3_weighted.csv,81,sugar,0.020552635192871094,4,53,,1
Final_1000_3_25_10_0.3_weighted.csv,82,sugar,0.021254539489746094,4,81,,1
Final_1000_3_25_10_0.3_weighted.csv,83,sugar,0.020246267318725586,2,119,,1
Final_1000_3_25_10_0.3_weighted.csv,84,sugar,0.009924173355102539,8,60,,1
Final_1000_3_25_10_0.3_weighted.csv,86,sugar,0.007205963134765625,2,63,,1
Final_1000_3_25_10_0.3_weighted.csv,87,sugar,0.018114805221557617,3,75,,1
Final_1000_3_25_10_0.3_weighted.csv,88,sugar,0.00446629524230957,3,32,,1
Final_1000_3_25_10_0.3_weighted.csv,89,sugar,0.008804082870483398,2,44,,1
Final_1000_3_25_10_0.3_weighted.csv,91,sugar,0.010915756225585938,3,75,,1
Final_1000_3_25_10_0.3_weighted.csv,92,sugar,0.023860692977905273,3,99,,1
Final_1000_3_25_10_0.3_weighted.csv,93,sugar,0.4303109645843506,2,201,,1
Final_1000_3_25_10_0.3_weighted.csv,94,sugar,0.06390500068664551,3,116,,1
Final_1000_3_25_10_0.3_weighted.csv,96,sugar,0.04494619369506836,3,96,,1
Final_1000_3_25_10_0.3_weighted.csv,97,sugar,0.011102437973022461,2,58,,1
Final_1000_3_25_10_0.3_weighted.csv,98,sugar,0.6971065998077393,3,248,,1
Final_1000_3_25_10_0.3_weighted.csv,99,sugar,1.3208911418914795,2,279,,1
Final_1000_3_25_10_0.3_weighted.csv,101,sugar,4.906994819641113,3,476,,1
Final_1000_3_25_10_0.3_weighted.csv,102,sugar,0.01047658920288086,3,65,,1
Final_1000_3_25_10_0.3_weighted.csv,103,sugar,58.78561282157898,2,1054,,1
Final_1000_3_25_10_0.3_weighted.csv,104,sugar,0.022601842880249023,3,49,,1
Final_1000_3_25_10_0.3_weighted.csv,106,sugar,0.016041040420532227,3,41,,1
Final_1000_3_25_10_0.3_weighted.csv,107,sugar,0.12320280075073242,3,104,,1
Final_1000_3_25_10_0.3_weighted.csv,108,sugar,0.0049250125885009766,2,19,,1
Final_1000_3_25_10_0.3_weighted.csv,109,sugar,0.19826698303222656,4,174,,1
Final_1000_3_25_10_0.3_weighted.csv,111,sugar,3.456824779510498,3,420,,1
Final_1000_3_25_10_0.3_weighted.csv,112,sugar,0.016829967498779297,3,70,,1
Final_1000_3_25_10_0.3_weighted.csv,113,sugar,0.04301857948303223,8,91,,1
Final_1000_3_25_10_0.3_weighted.csv,114,sugar,0.0048978328704833984,5,42,,1
Final_1000_3_25_10_0.3_weighted.csv,116,sugar,3.4302239418029785,5,423,,1
Final_1000_3_25_10_0.3_weighted.csv,117,sugar,0.11318707466125488,5,124,,1
Final_1000_3_25_10_0.3_weighted.csv,118,sugar,0.002135038375854492,4,23,,1
Final_1000_3_25_10_0.3_weighted.csv,119,sugar,0.014846563339233398,3,73,,1
Final_1000_3_25_10_0.3_weighted.csv,121,sugar,2.8658034801483154,5,375,,1
Final_1000_3_25_10_0.3_weighted.csv,122,sugar,0.018998384475708008,2,74,,1
Final_1000_3_25_10_0.3_weighted.csv,123,sugar,0.029788732528686523,2,98,,1
Final_1000_3_25_10_0.3_weighted.csv,124,sugar,0.007911920547485352,4,57,,1
Final_1000_3_25_10_0.3_weighted.csv,126,sugar,0.05797863006591797,2,143,,1
Final_1000_3_25_10_0.3_weighted.csv,127,sugar,0.005380153656005859,3,50,,1
Final_1000_3_25_10_0.3_weighted.csv,128,sugar,0.03551840782165527,5,101,,1
Final_1000_3_25_10_0.3_weighted.csv,129,sugar,0.38877105712890625,2,187,,1
Final_1000_3_25_10_0.3_weighted.csv,131,sugar,0.006629228591918945,4,51,,1
Final_1000_3_25_10_0.3_weighted.csv,132,sugar,0.03203129768371582,4,74,,1
Final_1000_3_25_10_0.3_weighted.csv,133,sugar,0.03130173683166504,3,79,,1
Final_1000_3_25_10_0.3_weighted.csv,134,sugar,0.0029115676879882812,4,33,,1
Final_1000_3_25_10_0.3_weighted.csv,136,sugar,0.011704444885253906,3,64,,1
Final_1000_3_25_10_0.3_weighted.csv,137,sugar,0.009338855743408203,1,67,,1
Final_1000_3_25_10_0.3_weighted.csv,138,sugar,0.2958064079284668,6,246,,1
Final_1000_3_25_10_0.3_weighted.csv,139,sugar,0.02172994613647461,2,82,,1
Final_1000_3_25_10_0.3_weighted.csv,141,sugar,2.0654244422912598,3,347,,1
Final_1000_3_25_10_0.3_weighted.csv,142,sugar,0.03583979606628418,2,61,,1
Final_1000_3_25_10_0.3_weighted.csv,143,sugar,0.0057828426361083984,3,42,,1
Final_1000_3_25_10_0.3_weighted.csv,144,sugar,3.4658565521240234,3,377,,1
Final_1000_3_25_10_0.3_weighted.csv,146,sugar,0.007771492004394531,3,51,,1
Final_1000_3_25_10_0.3_weighted.csv,147,sugar,0.05019211769104004,9,144,,1
Final_1000_3_25_10_0.3_weighted.csv,148,sugar,0.012555599212646484,2,72,,1
Final_1000_3_25_10_0.3_weighted.csv,149,sugar,0.006475687026977539,3,26,,1
Final_1000_3_25_10_0.3_weighted.csv,151,sugar,0.9925868511199951,3,282,,1
Final_1000_3_25_10_0.3_weighted.csv,152,sugar,0.01051640510559082,4,60,,1
Final_1000_3_25_10_0.3_weighted.csv,153,sugar,3.1120924949645996,3,417,,1
Final_1000_3_25_10_0.3_weighted.csv,154,sugar,0.011044740676879883,2,61,,1
Final_1000_3_25_10_0.3_weighted.csv,156,sugar,4.855261564254761,7,438,,1
Final_1000_3_25_10_0.3_weighted.csv,157,sugar,0.014301061630249023,5,76,,1
Final_1000_3_25_10_0.3_weighted.csv,158,sugar,0.6480693817138672,2,296,,1
Final_1000_3_25_10_0.3_weighted.csv,159,sugar,0.007880687713623047,2,53,,1
Final_1000_3_25_10_0.3_weighted.csv,161,sugar,0.021177053451538086,5,100,,1
Final_1000_3_25_10_0.3_weighted.csv,162,sugar,0.1299586296081543,2,141,,1
Final_1000_3_25_10_0.3_weighted.csv,163,sugar,0.010695695877075195,3,60,,1
Final_1000_3_25_10_0.3_weighted.csv,164,sugar,0.007130146026611328,4,62,,1
Final_1000_3_25_10_0.3_weighted.csv,166,sugar,13.846392631530762,5,635,,1
Final_1000_3_25_10_0.3_weighted.csv,167,sugar,1.1373963356018066,6,249,,1
Final_1000_3_25_10_0.3_weighted.csv,168,sugar,8.199839115142822,4,519,,1
Final_1000_3_25_10_0.3_weighted.csv,169,sugar,0.014846086502075195,6,32,,1
Final_1000_3_25_10_0.3_weighted.csv,171,sugar,0.024928569793701172,5,109,,1
Final_1000_3_25_10_0.3_weighted.csv,172,sugar,39.637413024902344,6,908,,1
Final_1000_3_25_10_0.3_weighted.csv,173,sugar,0.01923847198486328,7,42,,1
Final_1000_3_25_10_0.3_weighted.csv,174,sugar,0.004431724548339844,2,32,,1
Final_1000_3_25_10_0.3_weighted.csv,176,sugar,0.28703999519348145,5,181,,1
Final_1000_3_25_10_0.3_weighted.csv,177,sugar,0.13409948348999023,4,163,,1
Final_1000_3_25_10_0.3_weighted.csv,178,sugar,0.0017681121826171875,3,17,,1
Final_1000_3_25_10_0.3_weighted.csv,179,sugar,0.807891845703125,2,157,,1
Final_1000_3_25_10_0.3_weighted.csv,181,sugar,0.004335641860961914,3,37,,1
Final_1000_3_25_10_0.3_weighted.csv,182,sugar,1.5215075016021729,3,366,,1
Final_1000_3_25_10_0.3_weighted.csv,183,sugar,0.045598506927490234,3,103,,1
Final_1000_3_25_10_0.3_weighted.csv,184,sugar,0.031232595443725586,4,38,,1
Final_1000_3_25_10_0.3_weighted.csv,186,sugar,0.014990568161010742,3,63,,1
Final_1000_3_25_10_0.3_weighted.csv,187,sugar,0.13002490997314453,9,182,,1
Final_1000_3_25_10_0.3_weighted.csv,188,sugar,0.02024078369140625,3,85,,1
Final_1000_3_25_10_0.3_weighted.csv,189,sugar,0.02974081039428711,5,111,,1
Final_1000_3_25_10_0.3_weighted.csv,191,sugar,0.729637861251831,2,219,,1
Final_1000_3_25_10_0.3_weighted.csv,192,sugar,0.003152608871459961,3,31,,1
Final_1000_3_25_10_0.3_weighted.csv,193,sugar,0.054029226303100586,3,110,,1
Final_1000_3_25_10_0.3_weighted.csv,194,sugar,0.07242536544799805,4,156,,1
Final_1000_3_25_10_0.3_weighted.csv,196,sugar,0.00891256332397461,4,44,,1
Final_1000_3_25_10_0.3_weighted.csv,197,sugar,3.2002294063568115,4,379,,1
Final_1000_3_25_10_0.3_weighted.csv,198,sugar,0.09865069389343262,5,95,,1
Final_1000_3_25_10_0.3_weighted.csv,199,sugar,0.020633935928344727,2,59,,1
Final_1000_3_25_10_0.3_weighted.csv,201,sugar,0.007040262222290039,1,47,,1
Final_1000_3_25_10_0.3_weighted.csv,202,sugar,0.477877140045166,7,220,,1
Final_1000_3_25_10_0.3_weighted.csv,203,sugar,0.012496709823608398,4,82,,1
Final_1000_3_25_10_0.3_weighted.csv,204,sugar,0.01965808868408203,3,101,,1
Final_1000_3_25_10_0.3_weighted.csv,206,sugar,0.08846354484558105,3,132,,1
Final_1000_3_25_10_0.3_weighted.csv,207,sugar,0.3635420799255371,3,166,,1
Final_1000_3_25_10_0.3_weighted.csv,208,sugar,0.6798028945922852,3,229,,1
Final_1000_3_25_10_0.3_weighted.csv,209,sugar,0.16982626914978027,3,151,,1
Final_1000_3_25_10_0.3_weighted.csv,211,sugar,0.5166449546813965,2,137,,1
Final_1000_3_25_10_0.3_weighted.csv,212,sugar,0.1724836826324463,4,135,,1
Final_1000_3_25_10_0.3_weighted.csv,213,sugar,0.0773782730102539,6,106,,1
Final_1000_3_25_10_0.3_weighted.csv,214,sugar,1.5726888179779053,2,201,,1
Final_1000_3_25_10_0.3_weighted.csv,216,sugar,0.029532432556152344,5,128,,1
Final_1000_3_25_10_0.3_weighted.csv,217,sugar,43.85045409202576,7,887,,1
Final_1000_3_25_10_0.3_weighted.csv,218,sugar,0.020837783813476562,4,47,,1
Final_1000_3_25_10_0.3_weighted.csv,219,sugar,28.8101909160614,7,703,,1
Final_1000_3_25_10_0.3_weighted.csv,221,sugar,22.77616548538208,4,771,,1
Final_1000_3_25_10_0.3_weighted.csv,222,sugar,0.0222318172454834,4,82,,1
Final_1000_3_25_10_0.3_weighted.csv,223,sugar,0.010796546936035156,2,66,,1
Final_1000_3_25_10_0.3_weighted.csv,224,sugar,0.017397165298461914,3,90,,1
Final_1000_3_25_10_0.3_weighted.csv,226,sugar,0.014990568161010742,7,107,,1
Final_1000_3_25_10_0.3_weighted.csv,227,sugar,0.016289472579956055,3,110,,1
Final_1000_3_25_10_0.3_weighted.csv,228,sugar,0.240126371383667,6,145,,1
Final_1000_3_25_10_0.3_weighted.csv,229,sugar,0.034586191177368164,2,110,,1
Final_1000_3_25_10_0.3_weighted.csv,231,sugar,0.014573335647583008,8,69,,1
Final_1000_3_25_10_0.3_weighted.csv,232,sugar,0.38501954078674316,3,155,,1
Final_1000_3_25_10_0.3_weighted.csv,233,sugar,0.007379770278930664,2,30,,1
Final_1000_3_25_10_0.3_weighted.csv,234,sugar,0.020978927612304688,3,102,,1
Final_1000_3_25_10_0.3_weighted.csv,236,sugar,0.004638671875,2,67,,1
Final_1000_3_25_10_0.3_weighted.csv,237,sugar,0.007528543472290039,3,41,,1
Final_1000_3_25_10_0.3_weighted.csv,238,sugar,0.03656506538391113,2,108,,1
Final_1000_3_25_10_0.3_weighted.csv,239,sugar,0.012646913528442383,8,83,,1
Final_1000_3_25_10_0.3_weighted.csv,241,sugar,0.1102752685546875,3,134,,1
Final_1000_3_25_10_0.3_weighted.csv,242,sugar,0.11557269096374512,5,116,,1
Final_1000_3_25_10_0.3_weighted.csv,243,sugar,0.009074926376342773,3,52,,1
Final_1000_3_25_10_0.3_weighted.csv,244,sugar,0.4150385856628418,2,175,,1
Final_1000_3_25_10_0.3_weighted.csv,246,sugar,0.40936851501464844,5,202,,1
Final_1000_3_25_10_0.3_weighted.csv,247,sugar,0.013516664505004883,6,59,,1
Final_1000_3_25_10_0.3_weighted.csv,248,sugar,0.47339391708374023,5,198,,1
Final_1000_3_25_10_0.3_weighted.csv,249,sugar,0.025267362594604492,3,79,,1
Final_1000_3_25_10_0.3_weighted.csv,251,sugar,9.732769250869751,3,593,,1
Final_1000_3_25_10_0.3_weighted.csv,252,sugar,0.01289224624633789,6,45,,1
Final_1000_3_25_10_0.3_weighted.csv,253,sugar,0.3021101951599121,3,188,,1
Final_1000_3_25_10_0.3_weighted.csv,254,sugar,0.3515646457672119,4,186,,1
Final_1000_3_25_10_0.3_weighted.csv,256,sugar,0.04765892028808594,5,81,,1
Final_1000_3_25_10_0.3_weighted.csv,257,sugar,2.0946483612060547,3,300,,1
Final_1000_3_25_10_0.3_weighted.csv,258,sugar,0.010870695114135742,3,38,,1
Final_1000_3_25_10_0.3_weighted.csv,259,sugar,10.63629698753357,10,589,,1
Final_1000_3_25_10_0.3_weighted.csv,261,sugar,0.04451298713684082,3,109,,1
Final_1000_3_25_10_0.3_weighted.csv,262,sugar,0.017093420028686523,2,77,,1
Final_1000_3_25_10_0.3_weighted.csv,263,sugar,0.3362886905670166,8,194,,1
Final_1000_3_25_10_0.3_weighted.csv,264,sugar,1.9150140285491943,3,350,,1
Final_1000_3_25_10_0.3_weighted.csv,266,sugar,0.011374711990356445,7,58,,1
Final_1000_3_25_10_0.3_weighted.csv,267,sugar,1.1069283485412598,4,293,,1
Final_1000_3_25_10_0.3_weighted.csv,268,sugar,0.009970903396606445,4,40,,1
Final_1000_3_25_10_0.3_weighted.csv,269,sugar,1.2108476161956787,4,283,,1
Final_1000_3_25_10_0.3_weighted.csv,271,sugar,2.5410513877868652,5,383,,1
Final_1000_3_25_10_0.3_weighted.csv,272,sugar,0.11503124237060547,2,114,,1
Final_1000_3_25_10_0.3_weighted.csv,273,sugar,86.39202332496643,8,1222,,1
Final_1000_3_25_10_0.3_weighted.csv,274,sugar,0.02257704734802246,4,43,,1
Final_1000_3_25_10_0.3_weighted.csv,276,sugar,0.009513616561889648,6,60,,1
Final_1000_3_25_10_0.3_weighted.csv,277,sugar,0.005017757415771484,3,49,,1
Final_1000_3_25_10_0.3_weighted.csv,278,sugar,0.012895822525024414,4,37,,1
Final_1000_3_25_10_0.3_weighted.csv,279,sugar,4.058915615081787,2,431,,1
Final_1000_3_25_10_0.3_weighted.csv,281,sugar,3.692875623703003,7,399,,1
Final_1000_3_25_10_0.3_weighted.csv,282,sugar,0.009304523468017578,3,31,,1
Final_1000_3_25_10_0.3_weighted.csv,283,sugar,0.04712486267089844,3,163,,1
Final_1000_3_25_10_0.3_weighted.csv,284,sugar,1.0117700099945068,2,275,,1
Final_1000_3_25_10_0.3_weighted.csv,286,sugar,0.008642196655273438,3,67,,1
Final_1000_3_25_10_0.3_weighted.csv,287,sugar,0.169266939163208,4,133,,1
Final_1000_3_25_10_0.3_weighted.csv,288,sugar,0.0086669921875,4,37,,1
Final_1000_3_25_10_0.3_weighted.csv,289,sugar,0.08919358253479004,2,129,,1
Final_1000_3_25_10_0.3_weighted.csv,291,sugar,0.006790876388549805,3,56,,1
Final_1000_3_25_10_0.3_weighted.csv,292,sugar,0.01942896842956543,5,70,,1
Final_1000_3_25_10_0.3_weighted.csv,293,sugar,0.00610661506652832,3,36,,1
Final_1000_3_25_10_0.3_weighted.csv,294,sugar,0.09540009498596191,3,134,,1
Final_1000_3_25_10_0.3_weighted.csv,296,sugar,0.13268208503723145,3,189,,1
Final_1000_3_25_10_0.3_weighted.csv,297,sugar,0.04107832908630371,2,112,,1
Final_1000_3_25_10_0.3_weighted.csv,298,sugar,0.23858356475830078,3,141,,1
Final_1000_3_25_10_0.3_weighted.csv,299,sugar,0.011438369750976562,6,61,,1
Final_1000_3_25_10_0.3_weighted.csv,301,sugar,0.030974626541137695,4,84,,1
Final_1000_3_25_10_0.3_weighted.csv,302,sugar,0.11564993858337402,2,118,,1
Final_1000_3_25_10_0.3_weighted.csv,303,sugar,0.22067546844482422,2,164,,1
Final_1000_3_25_10_0.3_weighted.csv,304,sugar,0.3108808994293213,8,164,,1
Final_1000_3_25_10_0.3_weighted.csv,306,sugar,0.05552411079406738,4,112,,1
Final_1000_3_25_10_0.3_weighted.csv,307,sugar,0.011293649673461914,2,61,,1
Final_1000_3_25_10_0.3_weighted.csv,308,sugar,18.388315677642822,2,752,,1
Final_1000_3_25_10_0.3_weighted.csv,309,sugar,0.027189016342163086,5,70,,1
Final_1000_3_25_10_0.3_weighted.csv,311,sugar,0.7886292934417725,3,281,,1
Final_1000_3_25_10_0.3_weighted.csv,312,sugar,7.834592580795288,3,664,,1
Final_1000_3_25_10_0.3_weighted.csv,313,sugar,0.011149883270263672,3,49,,1
Final_1000_3_25_10_0.3_weighted.csv,314,sugar,20.627156019210815,16,785,,1
Final_1000_3_25_10_0.3_weighted.csv,316,sugar,0.017458438873291016,4,58,,1
Final_1000_3_25_10_0.3_weighted.csv,317,sugar,0.45151829719543457,10,250,,1
Final_1000_3_25_10_0.3_weighted.csv,318,sugar,0.012583732604980469,2,74,,1
Final_1000_3_25_10_0.3_weighted.csv,319,sugar,0.44693636894226074,3,195,,1
Final_1000_3_25_10_0.3_weighted.csv,321,sugar,0.004292488098144531,7,57,,1
Final_1000_3_25_10_0.3_weighted.csv,322,sugar,0.0844581127166748,5,125,,1
Final_1000_3_25_10_0.3_weighted.csv,323,sugar,0.016980886459350586,10,94,,1
Final_1000_3_25_10_0.3_weighted.csv,324,sugar,0.03295612335205078,2,93,,1
Final_1000_3_25_10_0.3_weighted.csv,326,sugar,0.013027667999267578,8,83,,1
Final_1000_3_25_10_0.3_weighted.csv,327,sugar,0.007934808731079102,5,74,,1
Final_1000_3_25_10_0.3_weighted.csv,328,sugar,0.0054779052734375,2,38,,1
Final_1000_3_25_10_0.3_weighted.csv,329,sugar,29.78549861907959,3,761,,1
Final_1000_3_25_10_0.3_weighted.csv,331,sugar,0.01707601547241211,3,29,,1
Final_1000_3_25_10_0.3_weighted.csv,332,sugar,13.535088062286377,8,535,,1
Final_1000_3_25_10_0.3_weighted.csv,333,sugar,0.018161773681640625,3,64,,1
Final_1000_3_25_10_0.3_weighted.csv,334,sugar,0.16120338439941406,4,170,,1
Final_1000_3_25_10_0.3_weighted.csv,336,sugar,1.7600221633911133,2,313,,1
Final_1000_3_25_10_0.3_weighted.csv,337,sugar,0.0353853702545166,5,105,,1
Final_1000_3_25_10_0.3_weighted.csv,338,sugar,0.02218317985534668,3,58,,1
Final_1000_3_25_10_0.3_weighted.csv,339,sugar,0.022316694259643555,5,75,,1
Final_1000_3_25_10_0.3_weighted.csv,341,sugar,0.09885072708129883,3,158,,1
Final_1000_3_25_10_0.3_weighted.csv,342,sugar,0.18416643142700195,3,153,,1
Final_1000_3_25_10_0.3_weighted.csv,343,sugar,0.014708280563354492,2,74,,1
Final_1000_3_25_10_0.3_weighted.csv,344,sugar,0.06618237495422363,2,139,,1
Final_1000_3_25_10_0.3_weighted.csv,346,sugar,0.026853084564208984,2,130,,1
Final_1000_3_25_10_0.3_weighted.csv,347,sugar,0.13113737106323242,3,160,,1
Final_1000_3_25_10_0.3_weighted.csv,348,sugar,0.013219356536865234,2,69,,1
Final_1000_3_25_10_0.3_weighted.csv,349,sugar,1.3969779014587402,5,266,,1
Final_1000_3_25_10_0.3_weighted.csv,351,sugar,0.010828971862792969,8,63,,1
Final_1000_3_25_10_0.3_weighted.csv,352,sugar,0.5091240406036377,6,228,,1
Final_1000_3_25_10_0.3_weighted.csv,353,sugar,0.7302823066711426,5,263,,1
Final_1000_3_25_10_0.3_weighted.csv,354,sugar,0.21910858154296875,6,163,,1
Final_1000_3_25_10_0.3_weighted.csv,356,sugar,0.013742446899414062,5,100,,1
Final_1000_3_25_10_0.3_weighted.csv,357,sugar,0.04992985725402832,6,88,,1
Final_1000_3_25_10_0.3_weighted.csv,358,sugar,3.7601068019866943,5,430,,1
Final_1000_3_25_10_0.3_weighted.csv,359,sugar,0.6956532001495361,4,264,,1
Final_1000_3_25_10_0.3_weighted.csv,361,sugar,0.27643632888793945,4,163,,1
Final_1000_3_25_10_0.3_weighted.csv,362,sugar,0.9175217151641846,4,221,,1
Final_1000_3_25_10_0.3_weighted.csv,363,sugar,0.49551987648010254,5,189,,1
Final_1000_3_25_10_0.3_weighted.csv,364,sugar,0.12417769432067871,5,119,,1
Final_1000_3_25_10_0.3_weighted.csv,366,sugar,1.3349919319152832,6,264,,1
Final_1000_3_25_10_0.3_weighted.csv,367,sugar,3.7158610820770264,3,415,,1
Final_1000_3_25_10_0.3_weighted.csv,368,sugar,0.015131950378417969,3,66,,1
Final_1000_3_25_10_0.3_weighted.csv,369,sugar,1.4003832340240479,5,307,,1
Final_1000_3_25_10_0.3_weighted.csv,371,sugar,0.3745110034942627,3,198,,1
Final_1000_3_25_10_0.3_weighted.csv,372,sugar,0.05291414260864258,4,94,,1
Final_1000_3_25_10_0.3_weighted.csv,373,sugar,0.012296199798583984,5,60,,1
Final_1000_3_25_10_0.3_weighted.csv,374,sugar,0.49707508087158203,4,239,,1
Final_1000_3_25_10_0.3_weighted.csv,376,sugar,0.00876927375793457,2,45,,1
Final_1000_3_25_10_0.3_weighted.csv,377,sugar,0.04589676856994629,2,90,,1
Final_1000_3_25_10_0.3_weighted.csv,378,sugar,0.006425142288208008,4,33,,1
Final_1000_3_25_10_0.3_weighted.csv,379,sugar,0.0059642791748046875,2,57,,1
Final_1000_3_25_10_0.3_weighted.csv,381,sugar,0.010561227798461914,4,64,,1
Final_1000_3_25_10_0.3_weighted.csv,382,sugar,0.004716396331787109,4,40,,1
Final_1000_3_25_10_0.3_weighted.csv,383,sugar,0.011309146881103516,6,81,,1
Final_1000_3_25_10_0.3_weighted.csv,384,sugar,0.0063250064849853516,3,40,,1
Final_1000_3_25_10_0.3_weighted.csv,386,sugar,0.011660337448120117,3,62,,1
Final_1000_3_25_10_0.3_weighted.csv,387,sugar,0.002494335174560547,3,27,,1
Final_1000_3_25_10_0.3_weighted.csv,388,sugar,53.145753383636475,3,1062,,1
Final_1000_3_25_10_0.3_weighted.csv,389,sugar,0.02020096778869629,1,38,,1
Final_1000_3_25_10_0.3_weighted.csv,391,sugar,0.008086442947387695,3,51,,1
Final_1000_3_25_10_0.3_weighted.csv,392,sugar,0.008727788925170898,6,70,,1
Final_1000_3_25_10_0.3_weighted.csv,393,sugar,0.23974084854125977,4,124,,1
Final_1000_3_25_10_0.3_weighted.csv,394,sugar,0.010377645492553711,2,49,,1
Final_1000_3_25_10_0.3_weighted.csv,396,sugar,0.0024411678314208984,6,43,,1
Final_1000_3_25_10_0.3_weighted.csv,397,sugar,0.4320697784423828,6,203,,1
Final_1000_3_25_10_0.3_weighted.csv,398,sugar,0.07861995697021484,2,127,,1
Final_1000_3_25_10_0.3_weighted.csv,399,sugar,0.05224204063415527,4,103,,1
Final_1000_3_25_10_0.3_weighted.csv,401,sugar,0.004605770111083984,2,53,,1
Final_1000_3_25_10_0.3_weighted.csv,402,sugar,0.6879727840423584,5,203,,1
Final_1000_3_25_10_0.3_weighted.csv,403,sugar,0.8063468933105469,2,135,,1
Final_1000_3_25_10_0.3_weighted.csv,404,sugar,0.04427599906921387,8,107,,1
Final_1000_3_25_10_0.3_weighted.csv,406,sugar,5.168737888336182,4,496,,1
Final_1000_3_25_10_0.3_weighted.csv,407,sugar,0.020554780960083008,3,106,,1
Final_1000_3_25_10_0.3_weighted.csv,408,sugar,0.008085489273071289,2,53,,1
Final_1000_3_25_10_0.3_weighted.csv,409,sugar,0.007080078125,2,65,,1
Final_1000_3_25_10_0.3_weighted.csv,411,sugar,0.004995584487915039,5,42,,1
Final_1000_3_25_10_0.3_weighted.csv,412,sugar,22.827568769454956,2,811,,1
Final_1000_3_25_10_0.3_weighted.csv,413,sugar,0.014090299606323242,4,55,,1
Final_1000_3_25_10_0.3_weighted.csv,414,sugar,0.018137693405151367,3,101,,1
Final_1000_3_25_10_0.3_weighted.csv,416,sugar,0.005086421966552734,3,47,,1
Final_1000_3_25_10_0.3_weighted.csv,417,sugar,0.04814720153808594,4,98,,1
Final_1000_3_25_10_0.3_weighted.csv,418,sugar,0.012470245361328125,4,72,,1
Final_1000_3_25_10_0.3_weighted.csv,419,sugar,0.013245105743408203,5,72,,1
Final_1000_3_25_10_0.3_weighted.csv,421,sugar,0.003863096237182617,2,33,,1
Final_1000_3_25_10_0.3_weighted.csv,422,sugar,0.05389571189880371,4,144,,1
Final_1000_3_25_10_0.3_weighted.csv,423,sugar,0.009071111679077148,3,58,,1
Final_1000_3_25_10_0.3_weighted.csv,424,sugar,0.0070264339447021484,3,62,,1
Final_1000_3_25_10_0.3_weighted.csv,426,sugar,0.00522160530090332,4,45,,1
Final_1000_3_25_10_0.3_weighted.csv,427,sugar,0.644538402557373,3,240,,1
Final_1000_3_25_10_0.3_weighted.csv,428,sugar,0.4682760238647461,5,243,,1
Final_1000_3_25_10_0.3_weighted.csv,429,sugar,0.010847330093383789,10,52,,1
Final_1000_3_25_10_0.3_weighted.csv,431,sugar,0.541428804397583,4,210,,1
Final_1000_3_25_10_0.3_weighted.csv,432,sugar,0.02644634246826172,2,71,,1
Final_1000_3_25_10_0.3_weighted.csv,433,sugar,0.8723433017730713,3,268,,1
Final_1000_3_25_10_0.3_weighted.csv,434,sugar,0.010654211044311523,7,77,,1
Final_1000_3_25_10_0.3_weighted.csv,436,sugar,0.18295645713806152,3,148,,1
Final_1000_3_25_10_0.3_weighted.csv,437,sugar,0.27472400665283203,2,172,,1
Final_1000_3_25_10_0.3_weighted.csv,438,sugar,0.010549783706665039,3,45,,1
Final_1000_3_25_10_0.3_weighted.csv,439,sugar,0.03211641311645508,6,111,,1
Final_1000_3_25_10_0.3_weighted.csv,441,sugar,1.3831181526184082,3,290,,1
Final_1000_3_25_10_0.3_weighted.csv,442,sugar,0.0055637359619140625,5,48,,1
Final_1000_3_25_10_0.3_weighted.csv,443,sugar,0.028879880905151367,4,95,,1
Final_1000_3_25_10_0.3_weighted.csv,444,sugar,0.013845205307006836,4,82,,1
Final_1000_3_25_10_0.3_weighted.csv,446,sugar,0.32956719398498535,3,120,,1
Final_1000_3_25_10_0.3_weighted.csv,447,sugar,0.0029668807983398438,2,37,,1
Final_1000_3_25_10_0.3_weighted.csv,448,sugar,0.01786065101623535,2,81,,1
Final_1000_3_25_10_0.3_weighted.csv,449,sugar,0.01323699951171875,4,105,,1
Final_1000_3_25_10_0.3_weighted.csv,451,sugar,0.01904916763305664,2,88,,1
Final_1000_3_25_10_0.3_weighted.csv,452,sugar,0.008364200592041016,4,72,,1
Final_1000_3_25_10_0.3_weighted.csv,453,sugar,0.0038034915924072266,6,42,,1
Final_1000_3_25_10_0.3_weighted.csv,454,sugar,0.006560087203979492,2,42,,1
Final_1000_3_25_10_0.3_weighted.csv,456,sugar,0.22562718391418457,8,185,,1
Final_1000_3_25_10_0.3_weighted.csv,457,sugar,0.9958658218383789,4,244,,1
Final_1000_3_25_10_0.3_weighted.csv,458,sugar,0.010135889053344727,5,63,,1
Final_1000_3_25_10_0.3_weighted.csv,459,sugar,14.529081106185913,6,651,,1
Final_1000_3_25_10_0.3_weighted.csv,461,sugar,1.8153207302093506,3,287,,1
Final_1000_3_25_10_0.3_weighted.csv,462,sugar,0.01105356216430664,4,66,,1
Final_1000_3_25_10_0.3_weighted.csv,463,sugar,0.008427619934082031,3,71,,1
Final_1000_3_25_10_0.3_weighted.csv,464,sugar,0.011442422866821289,5,68,,1
Final_1000_3_25_10_0.3_weighted.csv,466,sugar,3.3314950466156006,4,352,,1
Final_1000_3_25_10_0.3_weighted.csv,467,sugar,2.381582021713257,3,305,,1
Final_1000_3_25_10_0.3_weighted.csv,468,sugar,3.9250569343566895,2,426,,1
Final_1000_3_25_10_0.3_weighted.csv,469,sugar,8.775670051574707,2,603,,1
Final_1000_3_25_10_0.3_weighted.csv,471,sugar,0.006996631622314453,2,26,,1
Final_1000_3_25_10_0.3_weighted.csv,472,sugar,0.006593942642211914,2,32,,1
Final_1000_3_25_10_0.3_weighted.csv,473,sugar,0.010750293731689453,4,84,,1
Final_1000_3_25_10_0.3_weighted.csv,474,sugar,0.008151769638061523,5,31,,1
Final_1000_3_25_10_0.3_weighted.csv,476,sugar,0.00644683837890625,3,54,,1
Final_1000_3_25_10_0.3_weighted.csv,477,sugar,0.37740087509155273,8,201,,1
Final_1000_3_25_10_0.3_weighted.csv,478,sugar,0.01600956916809082,3,92,,1
Final_1000_3_25_10_0.3_weighted.csv,479,sugar,0.004614591598510742,3,31,,1
Final_1000_3_25_10_0.3_weighted.csv,481,sugar,0.03618359565734863,4,129,,1
Final_1000_3_25_10_0.3_weighted.csv,482,sugar,0.008450031280517578,4,29,,1
Final_1000_3_25_10_0.3_weighted.csv,483,sugar,0.01288604736328125,2,63,,1
Final_1000_3_25_10_0.3_weighted.csv,484,sugar,0.021282672882080078,2,98,,1
Final_1000_3_25_10_0.3_weighted.csv,486,sugar,4.5346527099609375,2,466,,1
Final_1000_3_25_10_0.3_weighted.csv,487,sugar,0.01317596435546875,3,56,,1
Final_1000_3_25_10_0.3_weighted.csv,488,sugar,0.0026907920837402344,3,33,,1
Final_1000_3_25_10_0.3_weighted.csv,489,sugar,0.08163785934448242,4,108,,1
Final_1000_3_25_10_0.3_weighted.csv,491,sugar,0.015692472457885742,4,98,,1
Final_1000_3_25_10_0.3_weighted.csv,492,sugar,0.010522127151489258,3,59,,1
Final_1000_3_25_10_0.3_weighted.csv,493,sugar,3.336341142654419,4,455,,1
Final_1000_3_25_10_0.3_weighted.csv,494,sugar,0.37648510932922363,4,238,,1
Final_1000_3_25_10_0.3_weighted.csv,496,sugar,0.03143739700317383,5,134,,1
Final_1000_3_25_10_0.3_weighted.csv,497,sugar,0.13872098922729492,4,137,,1
Final_1000_3_25_10_0.3_weighted.csv,498,sugar,0.007567644119262695,5,66,,1
Final_1000_3_25_10_0.3_weighted.csv,499,sugar,0.008824348449707031,4,57,,1
Final_1000_3_25_10_0.3_weighted.csv,501,sugar,0.001276254653930664,6,18,,1
Final_1000_3_25_10_0.3_weighted.csv,502,sugar,0.020606279373168945,5,82,,1
Final_1000_3_25_10_0.3_weighted.csv,503,sugar,3.0493805408477783,3,424,,1
Final_1000_3_25_10_0.3_weighted.csv,504,sugar,0.012278556823730469,4,57,,1
Final_1000_3_25_10_0.3_weighted.csv,506,sugar,1.2839365005493164,4,296,,1
Final_1000_3_25_10_0.3_weighted.csv,507,sugar,0.007506847381591797,3,54,,1
Final_1000_3_25_10_0.3_weighted.csv,508,sugar,3.974081039428711,2,394,,1
Final_1000_3_25_10_0.3_weighted.csv,509,sugar,0.01631331443786621,4,68,,1
Final_1000_3_25_10_0.3_weighted.csv,511,sugar,0.03011012077331543,8,115,,1
Final_1000_3_25_10_0.3_weighted.csv,512,sugar,0.006498575210571289,3,48,,1
Final_1000_3_25_10_0.3_weighted.csv,513,sugar,0.03459453582763672,4,114,,1
Final_1000_3_25_10_0.3_weighted.csv,514,sugar,0.006109714508056641,3,45,,1
Final_1000_3_25_10_0.3_weighted.csv,516,sugar,0.08227372169494629,3,115,,1
Final_1000_3_25_10_0.3_weighted.csv,517,sugar,0.04559516906738281,5,136,,1
Final_1000_3_25_10_0.3_weighted.csv,518,sugar,0.0326082706451416,6,113,,1
Final_1000_3_25_10_0.3_weighted.csv,519,sugar,0.058353424072265625,2,108,,1
Final_1000_3_25_10_0.3_weighted.csv,521,sugar,3.5406548976898193,3,403,,1
Final_1000_3_25_10_0.3_weighted.csv,522,sugar,0.0746617317199707,7,104,,1
Final_1000_3_25_10_0.3_weighted.csv,523,sugar,4.7846949100494385,2,465,,1
Final_1000_3_25_10_0.3_weighted.csv,524,sugar,0.11633610725402832,2,130,,1
Final_1000_3_25_10_0.3_weighted.csv,526,sugar,6.414624929428101,5,554,,1
Final_1000_3_25_10_0.3_weighted.csv,527,sugar,2.695401906967163,5,338,,1
Final_1000_3_25_10_0.3_weighted.csv,528,sugar,0.017253875732421875,3,63,,1
Final_1000_3_25_10_0.3_weighted.csv,529,sugar,0.051560401916503906,2,108,,1
Final_1000_3_25_10_0.3_weighted.csv,531,sugar,43.10815215110779,3,999,,1
Final_1000_3_25_10_0.3_weighted.csv,532,sugar,0.02535700798034668,3,55,,1
Final_1000_3_25_10_0.3_weighted.csv,533,sugar,8.824291467666626,5,533,,1
Final_1000_3_25_10_0.3_weighted.csv,534,sugar,0.8747701644897461,2,287,,1
Final_1000_3_25_10_0.3_weighted.csv,536,sugar,0.08668851852416992,6,113,,1
Final_1000_3_25_10_0.3_weighted.csv,537,sugar,0.005977630615234375,4,30,,1
Final_1000_3_25_10_0.3_weighted.csv,538,sugar,0.020590543746948242,2,76,,1
Final_1000_3_25_10_0.3_weighted.csv,539,sugar,0.0340731143951416,4,93,,1
Final_1000_3_25_10_0.3_weighted.csv,541,sugar,0.4914391040802002,3,147,,1
Final_1000_3_25_10_0.3_weighted.csv,542,sugar,0.04563426971435547,2,92,,1
Final_1000_3_25_10_0.3_weighted.csv,543,sugar,2.15368390083313,2,401,,1
Final_1000_3_25_10_0.3_weighted.csv,544,sugar,5.536231994628906,3,500,,1
Final_1000_3_25_10_0.3_weighted.csv,546,sugar,0.009820938110351562,4,52,,1
Final_1000_3_25_10_0.3_weighted.csv,547,sugar,0.25582432746887207,2,193,,1
Final_1000_3_25_10_0.3_weighted.csv,548,sugar,0.050536155700683594,5,123,,1
Final_1000_3_25_10_0.3_weighted.csv,549,sugar,0.0058879852294921875,4,55,,1
Final_1000_3_25_10_0.3_weighted.csv,551,sugar,5.314858675003052,6,518,,1
Final_1000_3_25_10_0.3_weighted.csv,552,sugar,0.011833429336547852,3,42,,1
Final_1000_3_25_10_0.3_weighted.csv,553,sugar,0.13794326782226562,5,142,,1
Final_1000_3_25_10_0.3_weighted.csv,554,sugar,0.3460569381713867,3,227,,1
Final_1000_3_25_10_0.3_weighted.csv,556,sugar,0.2633528709411621,3,163,,1
Final_1000_3_25_10_0.3_weighted.csv,557,sugar,0.4665050506591797,5,219,,1
Final_1000_3_25_10_0.3_weighted.csv,558,sugar,0.03296852111816406,3,91,,1
Final_1000_3_25_10_0.3_weighted.csv,559,sugar,0.21762442588806152,2,192,,1
Final_1000_3_25_10_0.3_weighted.csv,561,sugar,0.0372776985168457,3,86,,1
Final_1000_3_25_10_0.3_weighted.csv,562,sugar,0.01626110076904297,6,111,,1
Final_1000_3_25_10_0.3_weighted.csv,563,sugar,0.015018939971923828,2,68,,1
Final_1000_3_25_10_0.3_weighted.csv,564,sugar,0.01370549201965332,3,88,,1
Final_1000_3_25_10_0.3_weighted.csv,566,sugar,0.009636163711547852,8,82,,1
Final_1000_3_25_10_0.3_weighted.csv,567,sugar,2.766916036605835,4,409,,1
Final_1000_3_25_10_0.3_weighted.csv,568,sugar,0.008271932601928711,5,57,,1
Final_1000_3_25_10_0.3_weighted.csv,569,sugar,0.1678299903869629,3,138,,1
Final_1000_3_25_10_0.3_weighted.csv,571,sugar,0.009107589721679688,3,61,,1
Final_1000_3_25_10_0.3_weighted.csv,572,sugar,0.2973289489746094,4,189,,1
Final_1000_3_25_10_0.3_weighted.csv,573,sugar,0.7272999286651611,4,218,,1
Final_1000_3_25_10_0.3_weighted.csv,574,sugar,4.108609199523926,3,438,,1
Final_1000_3_25_10_0.3_weighted.csv,576,sugar,6.167931079864502,2,496,,1
Final_1000_3_25_10_0.3_weighted.csv,577,sugar,0.015493631362915039,3,85,,1
Final_1000_3_25_10_0.3_weighted.csv,578,sugar,0.011661052703857422,2,83,,1
Final_1000_3_25_10_0.3_weighted.csv,579,sugar,0.013277769088745117,5,69,,1
Final_1000_3_25_10_0.3_weighted.csv,581,sugar,0.00653839111328125,3,64,,1
Final_1000_3_25_10_0.3_weighted.csv,582,sugar,0.3769533634185791,3,203,,1
Final_1000_3_25_10_0.3_weighted.csv,583,sugar,14.525511026382446,10,684,,1
Final_1000_3_25_10_0.3_weighted.csv,584,sugar,0.03120708465576172,3,70,,1
Final_1000_3_25_10_0.3_weighted.csv,586,sugar,0.0064487457275390625,6,52,,1
Final_1000_3_25_10_0.3_weighted.csv,587,sugar,18.518152713775635,2,734,,1
Final_1000_3_25_10_0.3_weighted.csv,588,sugar,0.011691808700561523,2,28,,1
Final_1000_3_25_10_0.3_weighted.csv,589,sugar,0.0368351936340332,2,85,,1
Final_1000_3_25_10_0.3_weighted.csv,591,sugar,0.012569427490234375,4,101,,1
Final_1000_3_25_10_0.3_weighted.csv,592,sugar,4.713902473449707,4,428,,1
Final_1000_3_25_10_0.3_weighted.csv,593,sugar,0.02318716049194336,3,65,,1
Final_1000_3_25_10_0.3_weighted.csv,594,sugar,0.004306793212890625,3,46,,1
Final_1000_3_25_10_0.3_weighted.csv,596,sugar,0.22115325927734375,2,156,,1
Final_1000_3_25_10_0.3_weighted.csv,597,sugar,0.006243228912353516,3,25,,1
Final_1000_3_25_10_0.3_weighted.csv,598,sugar,3.766993761062622,3,457,,1
Final_1000_3_25_10_0.3_weighted.csv,599,sugar,0.019618511199951172,5,86,,1
Final_1000_3_25_10_0.3_weighted.csv,601,sugar,0.11011099815368652,6,125,,1
Final_1000_3_25_10_0.3_weighted.csv,602,sugar,0.01076197624206543,3,63,,1
Final_1000_3_25_10_0.3_weighted.csv,603,sugar,0.027323484420776367,3,90,,1
Final_1000_3_25_10_0.3_weighted.csv,604,sugar,4.8369221687316895,2,449,,1
Final_1000_3_25_10_0.3_weighted.csv,606,sugar,0.030061960220336914,3,43,,1
Final_1000_3_25_10_0.3_weighted.csv,607,sugar,0.02739691734313965,4,65,,1
Final_1000_3_25_10_0.3_weighted.csv,608,sugar,0.19997596740722656,3,158,,1
Final_1000_3_25_10_0.3_weighted.csv,609,sugar,0.014365196228027344,11,57,,1
Final_1000_3_25_10_0.3_weighted.csv,611,sugar,6.439763307571411,2,508,,1
Final_1000_3_25_10_0.3_weighted.csv,612,sugar,0.012688398361206055,3,66,,1
Final_1000_3_25_10_0.3_weighted.csv,613,sugar,23.509756088256836,4,715,,1
Final_1000_3_25_10_0.3_weighted.csv,614,sugar,0.023411989212036133,6,103,,1
Final_1000_3_25_10_0.3_weighted.csv,616,sugar,0.9854791164398193,4,314,,1
Final_1000_3_25_10_0.3_weighted.csv,617,sugar,0.013730049133300781,2,78,,1
Final_1000_3_25_10_0.3_weighted.csv,618,sugar,0.009450912475585938,3,60,,1
Final_1000_3_25_10_0.3_weighted.csv,619,sugar,0.018633365631103516,5,114,,1
Final_1000_3_25_10_0.3_weighted.csv,621,sugar,0.35119152069091797,8,237,,1
Final_1000_3_25_10_0.3_weighted.csv,622,sugar,0.07473111152648926,11,203,,1
Final_1000_3_25_10_0.3_weighted.csv,623,sugar,0.006895542144775391,3,52,,1
Final_1000_3_25_10_0.3_weighted.csv,624,sugar,0.5793375968933105,2,263,,1
Final_1000_3_25_10_0.3_weighted.csv,626,sugar,0.038205623626708984,11,65,,1
Final_1000_3_25_10_0.3_weighted.csv,627,sugar,0.0847327709197998,2,109,,1
Final_1000_3_25_10_0.3_weighted.csv,628,sugar,0.8707840442657471,3,271,,1
Final_1000_3_25_10_0.3_weighted.csv,629,sugar,0.06211566925048828,4,130,,1
Final_1000_3_25_10_0.3_weighted.csv,631,sugar,0.15388751029968262,4,177,,1
Final_1000_3_25_10_0.3_weighted.csv,632,sugar,0.009122371673583984,2,56,,1
Final_1000_3_25_10_0.3_weighted.csv,633,sugar,0.0030558109283447266,2,33,,1
Final_1000_3_25_10_0.3_weighted.csv,634,sugar,0.25753045082092285,4,174,,1
Final_1000_3_25_10_0.3_weighted.csv,636,sugar,0.011140584945678711,4,64,,1
Final_1000_3_25_10_0.3_weighted.csv,637,sugar,0.012371301651000977,4,76,,1
Final_1000_3_25_10_0.3_weighted.csv,638,sugar,0.45966100692749023,4,226,,1
Final_1000_3_25_10_0.3_weighted.csv,639,sugar,0.008812904357910156,3,83,,1
Final_1000_3_25_10_0.3_weighted.csv,641,sugar,3.3552281856536865,5,458,,1
Final_1000_3_25_10_0.3_weighted.csv,642,sugar,3.6162233352661133,5,415,,1
Final_1000_3_25_10_0.3_weighted.csv,643,sugar,0.027280807495117188,3,89,,1
Final_1000_3_25_10_0.3_weighted.csv,644,sugar,0.06347775459289551,3,130,,1
Final_1000_3_25_10_0.3_weighted.csv,646,sugar,0.0038318634033203125,2,58,,1
Final_1000_3_25_10_0.3_weighted.csv,647,sugar,0.031568050384521484,3,129,,1
Final_1000_3_25_10_0.3_weighted.csv,648,sugar,0.046053409576416016,2,117,,1
Final_1000_3_25_10_0.3_weighted.csv,649,sugar,0.004479169845581055,3,46,,1
Final_1000_3_25_10_0.3_weighted.csv,651,sugar,10.434944868087769,6,543,,1
Final_1000_3_25_10_0.3_weighted.csv,652,sugar,14.168177366256714,4,685,,1
Final_1000_3_25_10_0.3_weighted.csv,653,sugar,5.916814804077148,3,522,,1
Final_1000_3_25_10_0.3_weighted.csv,654,sugar,81.7228000164032,2,1171,,1
Final_1000_3_25_10_0.3_weighted.csv,656,sugar,0.8491432666778564,3,268,,1
Final_1000_3_25_10_0.3_weighted.csv,657,sugar,0.7089896202087402,7,229,,1
Final_1000_3_25_10_0.3_weighted.csv,658,sugar,8.386982679367065,2,571,,1
Final_1000_3_25_10_0.3_weighted.csv,659,sugar,0.014642477035522461,4,61,,1
Final_1000_3_25_10_0.3_weighted.csv,661,sugar,0.9034698009490967,3,266,,1
Final_1000_3_25_10_0.3_weighted.csv,662,sugar,0.008558273315429688,3,23,,1
Final_1000_3_25_10_0.3_weighted.csv,663,sugar,0.03710031509399414,4,71,,1
Final_1000_3_25_10_0.3_weighted.csv,664,sugar,0.2509937286376953,4,136,,1
Final_1000_3_25_10_0.3_weighted.csv,666,sugar,0.8890583515167236,3,202,,1
Final_1000_3_25_10_0.3_weighted.csv,667,sugar,2.7387406826019287,2,385,,1
Final_1000_3_25_10_0.3_weighted.csv,668,sugar,0.01594233512878418,4,57,,1
Final_1000_3_25_10_0.3_weighted.csv,669,sugar,0.01536417007446289,2,73,,1
Final_1000_3_25_10_0.3_weighted.csv,671,sugar,13.269500970840454,3,633,,1
Final_1000_3_25_10_0.3_weighted.csv,672,sugar,32.98408508300781,3,747,,1
Final_1000_3_25_10_0.3_weighted.csv,673,sugar,0.5853402614593506,2,252,,1
Final_1000_3_25_10_0.3_weighted.csv,674,sugar,0.04293632507324219,2,108,,1
Final_1000_3_25_10_0.3_weighted.csv,676,sugar,0.020476341247558594,3,83,,1
Final_1000_3_25_10_0.3_weighted.csv,677,sugar,0.02073979377746582,4,74,,1
Final_1000_3_25_10_0.3_weighted.csv,678,sugar,0.6918959617614746,7,224,,1
Final_1000_3_25_10_0.3_weighted.csv,679,sugar,0.1397566795349121,4,133,,1
Final_1000_3_25_10_0.3_weighted.csv,681,sugar,13.707329988479614,4,627,,1
Final_1000_3_25_10_0.3_weighted.csv,682,sugar,1.8496439456939697,2,315,,1
Final_1000_3_25_10_0.3_weighted.csv,683,sugar,0.12219500541687012,4,155,,1
Final_1000_3_25_10_0.3_weighted.csv,684,sugar,0.009537696838378906,4,46,,1
Final_1000_3_25_10_0.3_weighted.csv,686,sugar,0.09387946128845215,7,149,,1
Final_1000_3_25_10_0.3_weighted.csv,687,sugar,8.868265867233276,3,559,,1
Final_1000_3_25_10_0.3_weighted.csv,688,sugar,0.09158062934875488,4,116,,1
Final_1000_3_25_10_0.3_weighted.csv,689,sugar,0.2966036796569824,3,236,,1
Final_1000_3_25_10_0.3_weighted.csv,691,sugar,0.01320028305053711,5,92,,1
Final_1000_3_25_10_0.3_weighted.csv,692,sugar,3.329674482345581,5,395,,1
Final_1000_3_25_10_0.3_weighted.csv,693,sugar,0.012517452239990234,6,78,,1
Final_1000_3_25_10_0.3_weighted.csv,694,sugar,0.01845574378967285,2,57,,1
Final_1000_3_25_10_0.3_weighted.csv,696,sugar,1.5412795543670654,4,332,,1
Final_1000_3_25_10_0.3_weighted.csv,697,sugar,15.589362382888794,11,682,,1
Final_1000_3_25_10_0.3_weighted.csv,698,sugar,0.11035799980163574,3,107,,1
Final_1000_3_25_10_0.3_weighted.csv,699,sugar,0.0033485889434814453,2,29,,1
Final_1000_3_25_10_0.3_weighted.csv,701,sugar,0.02071976661682129,3,34,,1
Final_1000_3_25_10_0.3_weighted.csv,702,sugar,0.008743047714233398,2,47,,1
Final_1000_3_25_10_0.3_weighted.csv,703,sugar,0.06704139709472656,6,105,,1
Final_1000_3_25_10_0.3_weighted.csv,704,sugar,0.01594257354736328,4,42,,1
Final_1000_3_25_10_0.3_weighted.csv,706,sugar,0.08757138252258301,2,129,,1
Final_1000_3_25_10_0.3_weighted.csv,707,sugar,5.545198202133179,2,491,,1
Final_1000_3_25_10_0.3_weighted.csv,708,sugar,0.24936866760253906,4,160,,1
Final_1000_3_25_10_0.3_weighted.csv,709,sugar,0.0043108463287353516,2,43,,1
Final_1000_3_25_10_0.3_weighted.csv,711,sugar,2.241542339324951,3,309,,1
Final_1000_3_25_10_0.3_weighted.csv,712,sugar,0.023517131805419922,2,89,,1
Final_1000_3_25_10_0.3_weighted.csv,713,sugar,0.03493094444274902,5,96,,1
Final_1000_3_25_10_0.3_weighted.csv,714,sugar,0.01763606071472168,8,82,,1
Final_1000_3_25_10_0.3_weighted.csv,716,sugar,1.1498606204986572,2,258,,1
Final_1000_3_25_10_0.3_weighted.csv,717,sugar,0.5324304103851318,3,187,,1
Final_1000_3_25_10_0.3_weighted.csv,718,sugar,84.86446022987366,3,1114,,1
Final_1000_3_25_10_0.3_weighted.csv,719,sugar,20.499382972717285,8,795,,1
Final_1000_3_25_10_0.3_weighted.csv,721,sugar,0.017795324325561523,6,85,,1
Final_1000_3_25_10_0.3_weighted.csv,722,sugar,0.07723307609558105,5,134,,1
Final_1000_3_25_10_0.3_weighted.csv,723,sugar,0.004847049713134766,2,49,,1
Final_1000_3_25_10_0.3_weighted.csv,724,sugar,0.004197359085083008,4,27,,1
Final_1000_3_25_10_0.3_weighted.csv,726,sugar,0.01625800132751465,6,97,,1
Final_1000_3_25_10_0.3_weighted.csv,727,sugar,0.292726993560791,4,160,,1
Final_1000_3_25_10_0.3_weighted.csv,728,sugar,0.0050961971282958984,3,30,,1
Final_1000_3_25_10_0.3_weighted.csv,729,sugar,0.007243156433105469,3,56,,1
Final_1000_3_25_10_0.3_weighted.csv,731,sugar,1.8775873184204102,2,356,,1
Final_1000_3_25_10_0.3_weighted.csv,732,sugar,0.8676106929779053,7,279,,1
Final_1000_3_25_10_0.3_weighted.csv,733,sugar,0.14803194999694824,6,154,,1
Final_1000_3_25_10_0.3_weighted.csv,734,sugar,0.042494773864746094,4,97,,1
Final_1000_3_25_10_0.3_weighted.csv,736,sugar,0.006079196929931641,3,55,,1
Final_1000_3_25_10_0.3_weighted.csv,737,sugar,0.0020475387573242188,7,25,,1
Final_1000_3_25_10_0.3_weighted.csv,738,sugar,0.12721776962280273,4,135,,1
Final_1000_3_25_10_0.3_weighted.csv,739,sugar,0.011941194534301758,9,69,,1
Final_1000_3_25_10_0.3_weighted.csv,741,sugar,0.6416456699371338,2,228,,1
Final_1000_3_25_10_0.3_weighted.csv,742,sugar,0.007608652114868164,3,52,,1
Final_1000_3_25_10_0.3_weighted.csv,743,sugar,0.006599903106689453,7,53,,1
Final_1000_3_25_10_0.3_weighted.csv,744,sugar,0.010649681091308594,4,97,,1
Final_1000_3_25_10_0.3_weighted.csv,746,sugar,0.05991721153259277,1,105,,1
Final_1000_3_25_10_0.3_weighted.csv,747,sugar,0.0075800418853759766,2,39,,1
Final_1000_3_25_10_0.3_weighted.csv,748,sugar,0.019965648651123047,8,87,,1
Final_1000_3_25_10_0.3_weighted.csv,749,sugar,1.5115952491760254,3,353,,1
Final_1000_3_25_10_0.3_weighted.csv,751,sugar,0.02208876609802246,3,75,,1
Final_1000_3_25_10_0.3_weighted.csv,752,sugar,0.22623205184936523,3,198,,1
Final_1000_3_25_10_0.3_weighted.csv,753,sugar,6.753206014633179,2,493,,1
Final_1000_3_25_10_0.3_weighted.csv,754,sugar,0.014514923095703125,3,70,,1
Final_1000_3_25_10_0.3_weighted.csv,756,sugar,0.005870819091796875,3,62,,1
Final_1000_3_25_10_0.3_weighted.csv,757,sugar,0.04899954795837402,3,94,,1
Final_1000_3_25_10_0.3_weighted.csv,758,sugar,19.006106853485107,5,758,,1
Final_1000_3_25_10_0.3_weighted.csv,759,sugar,0.013124942779541016,2,44,,1
Final_1000_3_25_10_0.3_weighted.csv,761,sugar,0.303882360458374,3,171,,1
Final_1000_3_25_10_0.3_weighted.csv,762,sugar,0.34148406982421875,2,169,,1
Final_1000_3_25_10_0.3_weighted.csv,763,sugar,0.10633134841918945,2,114,,1
Final_1000_3_25_10_0.3_weighted.csv,764,sugar,0.02102041244506836,4,46,,1
Final_1000_3_25_10_0.3_weighted.csv,766,sugar,0.2287309169769287,3,137,,1
Final_1000_3_25_10_0.3_weighted.csv,767,sugar,0.03663778305053711,6,121,,1
Final_1000_3_25_10_0.3_weighted.csv,768,sugar,14.438118696212769,4,663,,1
Final_1000_3_25_10_0.3_weighted.csv,769,sugar,0.023761510848999023,3,98,,1
Final_1000_3_25_10_0.3_weighted.csv,771,sugar,0.645550012588501,3,220,,1
Final_1000_3_25_10_0.3_weighted.csv,772,sugar,0.005728721618652344,3,32,,1
Final_1000_3_25_10_0.3_weighted.csv,773,sugar,0.03344321250915527,5,94,,1
Final_1000_3_25_10_0.3_weighted.csv,774,sugar,1.6604464054107666,3,333,,1
Final_1000_3_25_10_0.3_weighted.csv,776,sugar,0.35651707649230957,3,220,,1
Final_1000_3_25_10_0.3_weighted.csv,777,sugar,0.01813817024230957,2,78,,1
Final_1000_3_25_10_0.3_weighted.csv,778,sugar,0.014277458190917969,2,89,,1
Final_1000_3_25_10_0.3_weighted.csv,779,sugar,0.008092880249023438,4,69,,1
Final_1000_3_25_10_0.3_weighted.csv,781,sugar,2.044532537460327,3,314,,1
Final_1000_3_25_10_0.3_weighted.csv,782,sugar,0.22849392890930176,3,178,,1
Final_1000_3_25_10_0.3_weighted.csv,783,sugar,0.0055425167083740234,2,52,,1
Final_1000_3_25_10_0.3_weighted.csv,784,sugar,0.11013460159301758,5,145,,1
Final_1000_3_25_10_0.3_weighted.csv,786,sugar,0.008340835571289062,5,65,,1
Final_1000_3_25_10_0.3_weighted.csv,787,sugar,0.1931908130645752,2,159,,1
Final_1000_3_25_10_0.3_weighted.csv,788,sugar,0.02793145179748535,6,107,,1
Final_1000_3_25_10_0.3_weighted.csv,789,sugar,0.007320880889892578,2,48,,1
Final_1000_3_25_10_0.3_weighted.csv,791,sugar,0.014004707336425781,3,80,,1
Final_1000_3_25_10_0.3_weighted.csv,792,sugar,0.00639796257019043,7,56,,1
Final_1000_3_25_10_0.3_weighted.csv,793,sugar,0.8141918182373047,2,233,,1
Final_1000_3_25_10_0.3_weighted.csv,794,sugar,0.005818843841552734,4,43,,1
Final_1000_3_25_10_0.3_weighted.csv,796,sugar,0.032776594161987305,3,91,,1
Final_1000_3_25_10_0.3_weighted.csv,797,sugar,0.7526655197143555,8,250,,1
Final_1000_3_25_10_0.3_weighted.csv,798,sugar,0.23282313346862793,3,197,,1
Final_1000_3_25_10_0.3_weighted.csv,799,sugar,0.02875065803527832,3,102,,1
Final_1000_3_25_10_0.3_weighted.csv,801,sugar,4.923476457595825,5,493,,1
Final_1000_3_25_10_0.3_weighted.csv,802,sugar,0.010648727416992188,3,69,,1
Final_1000_3_25_10_0.3_weighted.csv,803,sugar,0.45568203926086426,5,204,,1
Final_1000_3_25_10_0.3_weighted.csv,804,sugar,0.8554706573486328,4,224,,1
Final_1000_3_25_10_0.3_weighted.csv,806,sugar,0.06554222106933594,2,118,,1
Final_1000_3_25_10_0.3_weighted.csv,807,sugar,490.1432087421417,6,2181,,1
Final_1000_3_25_10_0.3_weighted.csv,808,sugar,0.1770639419555664,2,78,,1
Final_1000_3_25_10_0.3_weighted.csv,809,sugar,15.85744857788086,3,699,,1
Final_1000_3_25_10_0.3_weighted.csv,811,sugar,0.07373499870300293,3,113,,1
Final_1000_3_25_10_0.3_weighted.csv,812,sugar,3.0970611572265625,3,412,,1
Final_1000_3_25_10_0.3_weighted.csv,813,sugar,0.05011606216430664,3,103,,1
Final_1000_3_25_10_0.3_weighted.csv,814,sugar,0.03232598304748535,3,99,,1
Final_1000_3_25_10_0.3_weighted.csv,816,sugar,0.013121843338012695,2,52,,1
Final_1000_3_25_10_0.3_weighted.csv,817,sugar,0.006514787673950195,3,56,,1
Final_1000_3_25_10_0.3_weighted.csv,818,sugar,0.022409915924072266,7,66,,1
Final_1000_3_25_10_0.3_weighted.csv,819,sugar,0.005071878433227539,2,58,,1
Final_1000_3_25_10_0.3_weighted.csv,821,sugar,0.00545191764831543,3,67,,1
Final_1000_3_25_10_0.3_weighted.csv,822,sugar,0.8657057285308838,3,259,,1
Final_1000_3_25_10_0.3_weighted.csv,823,sugar,0.011902809143066406,4,67,,1
Final_1000_3_25_10_0.3_weighted.csv,824,sugar,0.5181210041046143,6,203,,1
Final_1000_3_25_10_0.3_weighted.csv,826,sugar,0.010743379592895508,3,63,,1
Final_1000_3_25_10_0.3_weighted.csv,827,sugar,0.017037153244018555,1,66,,1
Final_1000_3_25_10_0.3_weighted.csv,828,sugar,0.005540609359741211,4,62,,1
Final_1000_3_25_10_0.3_weighted.csv,829,sugar,2.516658067703247,4,368,,1
Final_1000_3_25_10_0.3_weighted.csv,831,sugar,0.01725625991821289,3,82,,1
Final_1000_3_25_10_0.3_weighted.csv,832,sugar,0.005167961120605469,2,28,,1
Final_1000_3_25_10_0.3_weighted.csv,833,sugar,0.04036760330200195,3,89,,1
Final_1000_3_25_10_0.3_weighted.csv,834,sugar,3.191462993621826,5,406,,1
Final_1000_3_25_10_0.3_weighted.csv,836,sugar,0.009367704391479492,3,75,,1
Final_1000_3_25_10_0.3_weighted.csv,837,sugar,0.0007598400115966797,2,15,,1
Final_1000_3_25_10_0.3_weighted.csv,838,sugar,0.005647897720336914,2,32,,1
Final_1000_3_25_10_0.3_weighted.csv,839,sugar,0.009523630142211914,5,86,,1
Final_1000_3_25_10_0.3_weighted.csv,841,sugar,0.007875204086303711,2,54,,1
Final_1000_3_25_10_0.3_weighted.csv,842,sugar,0.005431413650512695,4,41,,1
Final_1000_3_25_10_0.3_weighted.csv,843,sugar,0.0006344318389892578,2,12,,1
Final_1000_3_25_10_0.3_weighted.csv,844,sugar,0.047652244567871094,6,121,,1
Final_1000_3_25_10_0.3_weighted.csv,846,sugar,2.933119058609009,12,445,,1
Final_1000_3_25_10_0.3_weighted.csv,847,sugar,0.08829069137573242,3,117,,1
Final_1000_3_25_10_0.3_weighted.csv,848,sugar,0.022627592086791992,8,100,,1
Final_1000_3_25_10_0.3_weighted.csv,849,sugar,7.705738067626953,2,531,,1
Final_1000_3_25_10_0.3_weighted.csv,851,sugar,0.009548187255859375,2,29,,1
Final_1000_3_25_10_0.3_weighted.csv,852,sugar,2.2441704273223877,3,341,,1
Final_1000_3_25_10_0.3_weighted.csv,853,sugar,0.057524919509887695,6,128,,1
Final_1000_3_25_10_0.3_weighted.csv,854,sugar,0.5635523796081543,4,176,,1
Final_1000_3_25_10_0.3_weighted.csv,856,sugar,0.0036895275115966797,4,29,,1
Final_1000_3_25_10_0.3_weighted.csv,857,sugar,3.9450199604034424,8,466,,1
Final_1000_3_25_10_0.3_weighted.csv,858,sugar,5.22344446182251,4,524,,1
Final_1000_3_25_10_0.3_weighted.csv,859,sugar,11.447974443435669,2,608,,1
Final_1000_3_25_10_0.3_weighted.csv,861,sugar,0.014004707336425781,4,64,,1
Final_1000_3_25_10_0.3_weighted.csv,862,sugar,0.010775089263916016,6,68,,1
Final_1000_3_25_10_0.3_weighted.csv,863,sugar,3.951054334640503,4,435,,1
Final_1000_3_25_10_0.3_weighted.csv,864,sugar,0.42113232612609863,2,187,,1
Final_1000_3_25_10_0.3_weighted.csv,866,sugar,0.0063359737396240234,3,54,,1
Final_1000_3_25_10_0.3_weighted.csv,867,sugar,0.9772424697875977,4,287,,1
Final_1000_3_25_10_0.3_weighted.csv,868,sugar,0.0032958984375,3,23,,1
Final_1000_3_25_10_0.3_weighted.csv,869,sugar,1.988243818283081,7,338,,1
Final_1000_3_25_10_0.3_weighted.csv,871,sugar,0.028595685958862305,3,70,,1
Final_1000_3_25_10_0.3_weighted.csv,872,sugar,5.312961578369141,3,505,,1
Final_1000_3_25_10_0.3_weighted.csv,873,sugar,3.737211227416992,3,453,,1
Final_1000_3_25_10_0.3_weighted.csv,874,sugar,0.013043403625488281,2,76,,1
Final_1000_3_25_10_0.3_weighted.csv,876,sugar,0.017426729202270508,2,88,,1
Final_1000_3_25_10_0.3_weighted.csv,877,sugar,10.082044124603271,6,557,,1
Final_1000_3_25_10_0.3_weighted.csv,878,sugar,0.16103267669677734,4,165,,1
Final_1000_3_25_10_0.3_weighted.csv,879,sugar,0.6533985137939453,3,232,,1
Final_1000_3_25_10_0.3_weighted.csv,881,sugar,0.17567110061645508,1,164,,1
Final_1000_3_25_10_0.3_weighted.csv,882,sugar,0.11275386810302734,10,134,,1
Final_1000_3_25_10_0.3_weighted.csv,883,sugar,5.688874006271362,15,390,,1
Final_1000_3_25_10_0.3_weighted.csv,884,sugar,2.6594414710998535,10,303,,1
Final_1000_3_25_10_0.3_weighted.csv,886,sugar,0.016214847564697266,7,75,,1
Final_1000_3_25_10_0.3_weighted.csv,887,sugar,0.19024300575256348,3,168,,1
Final_1000_3_25_10_0.3_weighted.csv,888,sugar,0.1575026512145996,2,185,,1
Final_1000_3_25_10_0.3_weighted.csv,889,sugar,1.3311560153961182,2,297,,1
Final_1000_3_25_10_0.3_weighted.csv,891,sugar,0.24632000923156738,2,163,,1
Final_1000_3_25_10_0.3_weighted.csv,892,sugar,5.424902677536011,5,460,,1
Final_1000_3_25_10_0.3_weighted.csv,893,sugar,1.9440984725952148,4,352,,1
Final_1000_3_25_10_0.3_weighted.csv,894,sugar,0.24560022354125977,2,116,,1
Final_1000_3_25_10_0.3_weighted.csv,896,sugar,0.004913806915283203,3,40,,1
Final_1000_3_25_10_0.3_weighted.csv,897,sugar,0.008966684341430664,2,48,,1
Final_1000_3_25_10_0.3_weighted.csv,898,sugar,0.005697965621948242,2,37,,1
Final_1000_3_25_10_0.3_weighted.csv,899,sugar,0.6622676849365234,6,276,,1
Final_1000_3_25_10_0.3_weighted.csv,901,sugar,0.08775019645690918,3,158,,1
Final_1000_3_25_10_0.3_weighted.csv,902,sugar,0.01130986213684082,4,52,,1
Final_1000_3_25_10_0.3_weighted.csv,903,sugar,0.4221608638763428,4,193,,1
Final_1000_3_25_10_0.3_weighted.csv,904,sugar,0.09507966041564941,6,106,,1
Final_1000_3_25_10_0.3_weighted.csv,906,sugar,0.013773202896118164,4,57,,1
Final_1000_3_25_10_0.3_weighted.csv,907,sugar,0.020899057388305664,3,70,,1
Final_1000_3_25_10_0.3_weighted.csv,908,sugar,0.0035142898559570312,3,40,,1
Final_1000_3_25_10_0.3_weighted.csv,909,sugar,0.0073926448822021484,2,27,,1
Final_1000_3_25_10_0.3_weighted.csv,911,sugar,0.0037496089935302734,2,41,,1
Final_1000_3_25_10_0.3_weighted.csv,912,sugar,0.0062029361724853516,3,38,,1
Final_1000_3_25_10_0.3_weighted.csv,913,sugar,0.011851072311401367,2,74,,1
Final_1000_3_25_10_0.3_weighted.csv,914,sugar,0.00414276123046875,3,49,,1
Final_1000_3_25_10_0.3_weighted.csv,916,sugar,0.010201215744018555,2,50,,1
Final_1000_3_25_10_0.3_weighted.csv,917,sugar,5.047655820846558,3,483,,1
Final_1000_3_25_10_0.3_weighted.csv,918,sugar,0.014107227325439453,2,56,,1
Final_1000_3_25_10_0.3_weighted.csv,919,sugar,0.00351715087890625,3,36,,1
Final_1000_3_25_10_0.3_weighted.csv,921,sugar,0.0053081512451171875,3,41,,1
Final_1000_3_25_10_0.3_weighted.csv,922,sugar,0.15301918983459473,3,180,,1
Final_1000_3_25_10_0.3_weighted.csv,923,sugar,0.009560823440551758,4,70,,1
Final_1000_3_25_10_0.3_weighted.csv,924,sugar,0.004819393157958984,2,42,,1
Final_1000_3_25_10_0.3_weighted.csv,926,sugar,0.00813150405883789,2,43,,1
Final_1000_3_25_10_0.3_weighted.csv,927,sugar,0.033400774002075195,3,112,,1
Final_1000_3_25_10_0.3_weighted.csv,928,sugar,0.03693842887878418,3,113,,1
Final_1000_3_25_10_0.3_weighted.csv,929,sugar,0.20458078384399414,2,179,,1
Final_1000_3_25_10_0.3_weighted.csv,931,sugar,0.13976836204528809,3,193,,1
Final_1000_3_25_10_0.3_weighted.csv,932,sugar,0.005561351776123047,2,48,,1
Final_1000_3_25_10_0.3_weighted.csv,933,sugar,0.04738593101501465,4,112,,1
Final_1000_3_25_10_0.3_weighted.csv,934,sugar,0.27906084060668945,2,187,,1
Final_1000_3_25_10_0.3_weighted.csv,936,sugar,0.45427441596984863,4,236,,1
Final_1000_3_25_10_0.3_weighted.csv,937,sugar,0.06788778305053711,3,115,,1
Final_1000_3_25_10_0.3_weighted.csv,938,sugar,17.039358139038086,2,650,,1
Final_1000_3_25_10_0.3_weighted.csv,939,sugar,0.01483607292175293,4,69,,1
Final_1000_3_25_10_0.3_weighted.csv,941,sugar,0.020083904266357422,3,84,,1
Final_1000_3_25_10_0.3_weighted.csv,942,sugar,0.025727033615112305,3,85,,1
Final_1000_3_25_10_0.3_weighted.csv,943,sugar,0.009852886199951172,4,79,,1
Final_1000_3_25_10_0.3_weighted.csv,944,sugar,0.013752222061157227,2,87,,1
Final_1000_3_25_10_0.3_weighted.csv,946,sugar,0.05600762367248535,8,96,,1
Final_1000_3_25_10_0.3_weighted.csv,947,sugar,0.7644813060760498,2,293,,1
Final_1000_3_25_10_0.3_weighted.csv,948,sugar,0.03170633316040039,8,95,,1
Final_1000_3_25_10_0.3_weighted.csv,949,sugar,0.004278898239135742,3,34,,1
Final_1000_3_25_10_0.3_weighted.csv,951,sugar,0.010110855102539062,2,81,,1
Final_1000_3_25_10_0.3_weighted.csv,952,sugar,0.015355348587036133,3,90,,1
Final_1000_3_25_10_0.3_weighted.csv,953,sugar,0.014014720916748047,3,75,,1
Final_1000_3_25_10_0.3_weighted.csv,954,sugar,0.00798344612121582,6,68,,1
Final_1000_3_25_10_0.3_weighted.csv,956,sugar,0.14156246185302734,6,164,,1
Final_1000_3_25_10_0.3_weighted.csv,957,sugar,0.003092050552368164,3,39,,1
Final_1000_3_25_10_0.3_weighted.csv,958,sugar,0.07987213134765625,3,122,,1
Final_1000_3_25_10_0.3_weighted.csv,959,sugar,3.1970674991607666,3,397,,1
Final_1000_3_25_10_0.3_weighted.csv,961,sugar,0.8601744174957275,4,254,,1
Final_1000_3_25_10_0.3_weighted.csv,962,sugar,0.35999512672424316,3,165,,1
Final_1000_3_25_10_0.3_weighted.csv,963,sugar,0.03689694404602051,3,74,,1
Final_1000_3_25_10_0.3_weighted.csv,964,sugar,0.046239376068115234,3,112,,1
Final_1000_3_25_10_0.3_weighted.csv,966,sugar,0.008835554122924805,4,55,,1
Final_1000_3_25_10_0.3_weighted.csv,967,sugar,3.639763593673706,4,318,,1
Final_1000_3_25_10_0.3_weighted.csv,968,sugar,0.2537505626678467,3,167,,1
Final_1000_3_25_10_0.3_weighted.csv,969,sugar,0.010969877243041992,5,69,,1
Final_1000_3_25_10_0.3_weighted.csv,971,sugar,0.04895973205566406,2,100,,1
Final_1000_3_25_10_0.3_weighted.csv,972,sugar,0.0164034366607666,4,110,,1
Final_1000_3_25_10_0.3_weighted.csv,973,sugar,0.015261411666870117,5,69,,1
Final_1000_3_25_10_0.3_weighted.csv,974,sugar,0.9522061347961426,4,271,,1
Final_1000_3_25_10_0.3_weighted.csv,976,sugar,1.3589186668395996,3,322,,1
Final_1000_3_25_10_0.3_weighted.csv,977,sugar,0.17400884628295898,7,206,,1
Final_1000_3_25_10_0.3_weighted.csv,978,sugar,0.006511688232421875,5,54,,1
Final_1000_3_25_10_0.3_weighted.csv,979,sugar,0.7212650775909424,5,237,,1
Final_1000_3_25_10_0.3_weighted.csv,981,sugar,0.04021453857421875,3,108,,1
Final_1000_3_25_10_0.3_weighted.csv,982,sugar,0.006803750991821289,3,39,,1
Final_1000_3_25_10_0.3_weighted.csv,983,sugar,0.08884000778198242,3,171,,1
Final_1000_3_25_10_0.3_weighted.csv,984,sugar,39.133825063705444,3,951,,1
Final_1000_3_25_10_0.3_weighted.csv,986,sugar,0.09567618370056152,3,117,,1
Final_1000_3_25_10_0.3_weighted.csv,987,sugar,21.326584100723267,5,740,,1
Final_1000_3_25_10_0.3_weighted.csv,988,sugar,0.012674331665039062,4,58,,1
Final_1000_3_25_10_0.3_weighted.csv,989,sugar,0.0057392120361328125,2,45,,1
Final_1000_3_25_10_0.3_weighted.csv,991,sugar,1.1391780376434326,2,295,,1
Final_1000_3_25_10_0.3_weighted.csv,992,sugar,0.015848636627197266,2,83,,1
Final_1000_3_25_10_0.3_weighted.csv,993,sugar,0.6519269943237305,7,202,,1
Final_1000_3_25_10_0.3_weighted.csv,994,sugar,4.723876714706421,3,507,,1
Final_1000_3_25_10_0.3_weighted.csv,996,sugar,17.77515959739685,6,686,,1
Final_1000_3_25_10_0.3_weighted.csv,997,sugar,0.07744836807250977,4,132,,1
Final_1000_3_25_10_0.3_weighted.csv,998,sugar,0.003587961196899414,2,46,,1
Final_1000_3_25_10_0.3_weighted.csv,999,sugar,0.7983415126800537,2,309,,1
Final_1000_3_25_10_0.3_weighted.csv,1001,sugar,0.5881690979003906,7,285,,1
Final_1000_3_25_10_0.3_weighted.csv,1002,sugar,0.01659870147705078,4,58,,1
Final_1000_3_25_10_0.3_weighted.csv,1003,sugar,8.373862266540527,5,427,,1
Final_1000_3_25_10_0.3_weighted.csv,1004,sugar,0.014039993286132812,3,56,,1
Final_1000_3_25_10_0.3_weighted.csv,1006,sugar,0.29012632369995117,3,193,,1
Final_1000_3_25_10_0.3_weighted.csv,1007,sugar,10.192996740341187,3,594,,1
Final_1000_3_25_10_0.3_weighted.csv,1008,sugar,2.4291224479675293,4,371,,1
Final_1000_3_25_10_0.3_weighted.csv,1009,sugar,0.03977060317993164,6,88,,1
Final_1000_3_25_10_0.3_weighted.csv,1011,sugar,0.12371253967285156,3,136,,1
Final_1000_3_25_10_0.3_weighted.csv,1012,sugar,0.008955717086791992,2,46,,1
Final_1000_3_25_10_0.3_weighted.csv,1013,sugar,0.010211944580078125,5,61,,1
Final_1000_3_25_10_0.3_weighted.csv,1014,sugar,1.0990996360778809,2,269,,1
Final_1000_3_25_10_0.3_weighted.csv,1016,sugar,0.20943450927734375,5,153,,1
Final_1000_3_25_10_0.3_weighted.csv,1017,sugar,0.00710749626159668,3,48,,1
Final_1000_3_25_10_0.3_weighted.csv,1018,sugar,0.016167163848876953,7,49,,1
Final_1000_3_25_10_0.3_weighted.csv,1019,sugar,2.3708276748657227,2,329,,1
Final_1000_3_25_10_0.3_weighted.csv,1021,sugar,0.010506153106689453,7,45,,1
Final_1000_3_25_10_0.3_weighted.csv,1022,sugar,0.2211472988128662,6,164,,1
Final_1000_3_25_10_0.3_weighted.csv,1023,sugar,0.009400129318237305,4,47,,1
Final_1000_3_25_10_0.3_weighted.csv,1024,sugar,0.020715713500976562,2,86,,1
Final_1000_3_25_10_0.3_weighted.csv,1026,sugar,0.13642406463623047,5,166,,1
Final_1000_3_25_10_0.3_weighted.csv,1027,sugar,18.233657598495483,2,685,,1
Final_1000_3_25_10_0.3_weighted.csv,1028,sugar,0.008600473403930664,2,32,,1
Final_1000_3_25_10_0.3_weighted.csv,1029,sugar,10.121444702148438,6,600,,1
Final_1000_3_25_10_0.3_weighted.csv,1031,sugar,0.01126718521118164,2,51,,1
Final_1000_3_25_10_0.3_weighted.csv,1032,sugar,5.2439751625061035,4,523,,1
Final_1000_3_25_10_0.3_weighted.csv,1033,sugar,0.008108377456665039,4,70,,1
Final_1000_3_25_10_0.3_weighted.csv,1034,sugar,0.009690999984741211,2,67,,1
Final_1000_3_25_10_0.3_weighted.csv,1036,sugar,0.0027685165405273438,2,33,,1
Final_1000_3_25_10_0.3_weighted.csv,1037,sugar,0.0417325496673584,3,92,,1
Final_1000_3_25_10_0.3_weighted.csv,1038,sugar,1.5408096313476562,2,280,,1
Final_1000_3_25_10_0.3_weighted.csv,1039,sugar,0.013685226440429688,7,82,,1
Final_1000_3_25_10_0.3_weighted.csv,1041,sugar,0.3476119041442871,3,128,,1
Final_1000_3_25_10_0.3_weighted.csv,1042,sugar,0.043272972106933594,4,116,,1
Final_1000_3_25_10_0.3_weighted.csv,1043,sugar,0.029467344284057617,4,40,,1
Final_1000_3_25_10_0.3_weighted.csv,1044,sugar,0.0039033889770507812,5,45,,1
Final_1000_3_25_10_0.3_weighted.csv,1046,sugar,1.0618796348571777,4,277,,1
Final_1000_3_25_10_0.3_weighted.csv,1047,sugar,0.027240514755249023,6,81,,1
Final_1000_3_25_10_0.3_weighted.csv,1048,sugar,0.05358552932739258,4,75,,1
Final_1000_3_25_10_0.3_weighted.csv,1049,sugar,25.88269066810608,3,830,,1
Final_1000_3_25_10_0.3_weighted.csv,1051,sugar,0.023900508880615234,6,97,,1
Final_1000_3_25_10_0.3_weighted.csv,1052,sugar,0.005423784255981445,3,37,,1
Final_1000_3_25_10_0.3_weighted.csv,1053,sugar,0.02093791961669922,2,85,,1
Final_1000_3_25_10_0.3_weighted.csv,1054,sugar,0.05332756042480469,3,129,,1
Final_1000_3_25_10_0.3_weighted.csv,1056,sugar,0.012643098831176758,3,62,,1
Final_1000_3_25_10_0.3_weighted.csv,1057,sugar,0.01450967788696289,5,60,,1
Final_1000_3_25_10_0.3_weighted.csv,1058,sugar,0.16285419464111328,2,147,,1
Final_1000_3_25_10_0.3_weighted.csv,1059,sugar,0.02004861831665039,4,55,,1
Final_1000_3_25_10_0.3_weighted.csv,1061,sugar,0.4080164432525635,5,193,,1
Final_1000_3_25_10_0.3_weighted.csv,1062,sugar,0.00829005241394043,3,55,,1
Final_1000_3_25_10_0.3_weighted.csv,1063,sugar,0.502568244934082,3,244,,1
Final_1000_3_25_10_0.3_weighted.csv,1064,sugar,0.831977128982544,5,257,,1
Final_1000_3_25_10_0.3_weighted.csv,1066,sugar,4.853917121887207,3,444,,1
Final_1000_3_25_10_0.3_weighted.csv,1067,sugar,42.25066041946411,5,934,,1
Final_1000_3_25_10_0.3_weighted.csv,1068,sugar,0.046025991439819336,3,72,,1
Final_1000_3_25_10_0.3_weighted.csv,1069,sugar,1.5353083610534668,6,273,,1
Final_1000_3_25_10_0.3_weighted.csv,1071,sugar,0.20427751541137695,3,137,,1
Final_1000_3_25_10_0.3_weighted.csv,1072,sugar,0.00365447998046875,3,31,,1
Final_1000_3_25_10_0.3_weighted.csv,1073,sugar,0.013937950134277344,7,101,,1
Final_1000_3_25_10_0.3_weighted.csv,1074,sugar,0.0073163509368896484,3,50,,1
Final_1000_3_25_10_0.3_weighted.csv,1076,sugar,0.010470151901245117,3,49,,1
Final_1000_3_25_10_0.3_weighted.csv,1077,sugar,0.12926959991455078,4,135,,1
Final_1000_3_25_10_0.3_weighted.csv,1078,sugar,0.18357491493225098,2,109,,1
Final_1000_3_25_10_0.3_weighted.csv,1079,sugar,0.2636134624481201,4,181,,1
Final_1000_3_25_10_0.3_weighted.csv,1081,sugar,0.008573055267333984,3,60,,1
Final_1000_3_25_10_0.3_weighted.csv,1082,sugar,0.015193700790405273,2,95,,1
Final_1000_3_25_10_0.3_weighted.csv,1083,sugar,0.0483551025390625,3,115,,1
Final_1000_3_25_10_0.3_weighted.csv,1084,sugar,0.04949522018432617,2,122,,1
Final_1000_3_25_10_0.3_weighted.csv,1086,sugar,0.06465005874633789,12,110,,1
Final_1000_3_25_10_0.3_weighted.csv,1087,sugar,0.013007879257202148,5,54,,1
Final_1000_3_25_10_0.3_weighted.csv,1088,sugar,0.20195984840393066,2,175,,1
Final_1000_3_25_10_0.3_weighted.csv,1089,sugar,0.13605284690856934,2,112,,1
Final_1000_3_25_10_0.3_weighted.csv,1091,sugar,0.002324342727661133,3,31,,1
Final_1000_3_25_10_0.3_weighted.csv,1092,sugar,20.23823618888855,3,720,,1
Final_1000_3_25_10_0.3_weighted.csv,1093,sugar,0.01386260986328125,5,34,,1
Final_1000_3_25_10_0.3_weighted.csv,1094,sugar,0.003053903579711914,2,30,,1
Final_1000_3_25_10_0.3_weighted.csv,1096,sugar,0.008594512939453125,3,60,,1
Final_1000_3_25_10_0.3_weighted.csv,1097,sugar,4.480456590652466,3,401,,1
Final_1000_3_25_10_0.3_weighted.csv,1098,sugar,0.009689569473266602,5,73,,1
Final_1000_3_25_10_0.3_weighted.csv,1099,sugar,0.023888111114501953,4,74,,1
Final_1000_3_25_10_0.3_weighted.csv,1101,sugar,334.03734493255615,3,1928,,1
Final_1000_3_25_10_0.3_weighted.csv,1102,sugar,1.9785857200622559,9,343,,1
Final_1000_3_25_10_0.3_weighted.csv,1103,sugar,1.0606427192687988,2,266,,1
Final_1000_3_25_10_0.3_weighted.csv,1104,sugar,1.996061086654663,4,299,,1
Final_1000_3_25_10_0.3_weighted.csv,1106,sugar,0.33840036392211914,6,101,,1
Final_1000_3_25_10_0.3_weighted.csv,1107,sugar,0.018046140670776367,4,81,,1
Final_1000_3_25_10_0.3_weighted.csv,1108,sugar,0.016278743743896484,2,68,,1
Final_1000_3_25_10_0.3_weighted.csv,1109,sugar,0.4773571491241455,4,199,,1
Final_1000_3_25_10_0.3_weighted.csv,1111,sugar,0.39742612838745117,11,268,,1
Final_1000_3_25_10_0.3_weighted.csv,1112,sugar,0.4358077049255371,3,210,,1
Final_1000_3_25_10_0.3_weighted.csv,1113,sugar,1.149869680404663,4,291,,1
Final_1000_3_25_10_0.3_weighted.csv,1114,sugar,0.01336979866027832,9,72,,1
Final_1000_3_25_10_0.3_weighted.csv,1116,sugar,0.024103879928588867,7,138,,1
Final_1000_3_25_10_0.3_weighted.csv,1117,sugar,0.4130990505218506,4,208,,1
Final_1000_3_25_10_0.3_weighted.csv,1118,sugar,0.12665772438049316,1,131,,1
Final_1000_3_25_10_0.3_weighted.csv,1119,sugar,0.07075905799865723,5,117,,1
Final_1000_3_25_10_0.3_weighted.csv,1121,sugar,0.007197856903076172,2,56,,1
Final_1000_3_25_10_0.3_weighted.csv,1122,sugar,0.04848146438598633,8,94,,1
Final_1000_3_25_10_0.3_weighted.csv,1123,sugar,0.01893305778503418,6,62,,1
Final_1000_3_25_10_0.3_weighted.csv,1124,sugar,0.030219554901123047,9,124,,1
Final_1000_3_25_10_0.3_weighted.csv,1126,sugar,0.41432952880859375,4,250,,1
Final_1000_3_25_10_0.3_weighted.csv,1127,sugar,2.5959389209747314,3,398,,1
Final_1000_3_25_10_0.3_weighted.csv,1128,sugar,0.1397721767425537,3,135,,1
Final_1000_3_25_10_0.3_weighted.csv,1129,sugar,6.636718273162842,4,557,,1
Final_1000_3_25_10_0.3_weighted.csv,1131,sugar,0.08556365966796875,2,144,,1
Final_1000_3_25_10_0.3_weighted.csv,1132,sugar,0.10884380340576172,5,137,,1
Final_1000_3_25_10_0.3_weighted.csv,1133,sugar,12.282594442367554,2,597,,1
Final_1000_3_25_10_0.3_weighted.csv,1134,sugar,0.09614372253417969,5,168,,1
Final_1000_3_25_10_0.3_weighted.csv,1136,sugar,0.013313055038452148,4,86,,1
Final_1000_3_25_10_0.3_weighted.csv,1137,sugar,4.825590372085571,6,415,,1
Final_1000_3_25_10_0.3_weighted.csv,1138,sugar,0.9019842147827148,3,239,,1
Final_1000_3_25_10_0.3_weighted.csv,1139,sugar,0.006494760513305664,2,32,,1
Final_1000_3_25_10_0.3_weighted.csv,1141,sugar,0.007387399673461914,6,59,,1
Final_1000_3_25_10_0.3_weighted.csv,1142,sugar,3.3717000484466553,4,403,,1
Final_1000_3_25_10_0.3_weighted.csv,1143,sugar,3.83461594581604,4,476,,1
Final_1000_3_25_10_0.3_weighted.csv,1144,sugar,0.008178472518920898,4,25,,1
Final_1000_3_25_10_0.3_weighted.csv,1146,sugar,0.352459192276001,4,184,,1
Final_1000_3_25_10_0.3_weighted.csv,1147,sugar,0.057439327239990234,4,115,,1
Final_1000_3_25_10_0.3_weighted.csv,1148,sugar,0.002761363983154297,3,26,,1
Final_1000_3_25_10_0.3_weighted.csv,1149,sugar,0.15215826034545898,3,169,,1
Final_1000_3_25_10_0.3_weighted.csv,1151,sugar,0.0774235725402832,3,122,,1
Final_1000_3_25_10_0.3_weighted.csv,1152,sugar,0.005937099456787109,3,20,,1
Final_1000_3_25_10_0.3_weighted.csv,1153,sugar,0.008728265762329102,3,61,,1
Final_1000_3_25_10_0.3_weighted.csv,1154,sugar,5.153005123138428,7,496,,1
Final_1000_3_25_10_0.3_weighted.csv,1156,sugar,0.008556365966796875,3,42,,1
Final_1000_3_25_10_0.3_weighted.csv,1157,sugar,0.07104134559631348,2,104,,1
Final_1000_3_25_10_0.3_weighted.csv,1158,sugar,0.02134561538696289,2,104,,1
Final_1000_3_25_10_0.3_weighted.csv,1159,sugar,0.016594409942626953,8,111,,1
Final_1000_3_25_10_0.3_weighted.csv,1161,sugar,0.18352580070495605,2,157,,1
Final_1000_3_25_10_0.3_weighted.csv,1162,sugar,0.035466670989990234,3,96,,1
Final_1000_3_25_10_0.3_weighted.csv,1163,sugar,0.0021216869354248047,3,15,,1
Final_1000_3_25_10_0.3_weighted.csv,1164,sugar,0.003409147262573242,10,39,,1
Final_1000_3_25_10_0.3_weighted.csv,1166,sugar,0.014796972274780273,6,66,,1
Final_1000_3_25_10_0.3_weighted.csv,1167,sugar,0.0378422737121582,3,90,,1
Final_1000_3_25_10_0.3_weighted.csv,1168,sugar,0.024245500564575195,5,112,,1
Final_1000_3_25_10_0.3_weighted.csv,1169,sugar,0.014023780822753906,3,56,,1
Final_1000_3_25_10_0.3_weighted.csv,1171,sugar,0.1624469757080078,3,145,,1
Final_1000_3_25_10_0.3_weighted.csv,1172,sugar,0.003879070281982422,3,55,,1
Final_1000_3_25_10_0.3_weighted.csv,1173,sugar,0.011389732360839844,4,82,,1
Final_1000_3_25_10_0.3_weighted.csv,1174,sugar,0.14023518562316895,2,144,,1
Final_1000_3_25_10_0.3_weighted.csv,1176,sugar,0.011707305908203125,5,88,,1
Final_1000_3_25_10_0.3_weighted.csv,1177,sugar,13.13685417175293,8,564,,1
Final_1000_3_25_10_0.3_weighted.csv,1178,sugar,1.7890129089355469,1,356,,1
Final_1000_3_25_10_0.3_weighted.csv,1179,sugar,0.019426822662353516,4,73,,1
Final_1000_3_25_10_0.3_weighted.csv,1181,sugar,0.010717153549194336,2,58,,1
Final_1000_3_25_10_0.3_weighted.csv,1182,sugar,0.01590871810913086,4,80,,1
Final_1000_3_25_10_0.3_weighted.csv,1183,sugar,2.1717121601104736,3,309,,1
Final_1000_3_25_10_0.3_weighted.csv,1184,sugar,4.892940998077393,3,405,,1
Final_1000_3_25_10_0.3_weighted.csv,1186,sugar,0.020345211029052734,5,120,,1
Final_1000_3_25_10_0.3_weighted.csv,1187,sugar,1.8912670612335205,6,342,,1
Final_1000_3_25_10_0.3_weighted.csv,1188,sugar,0.007752895355224609,4,55,,1
Final_1000_3_25_10_0.3_weighted.csv,1189,sugar,0.766474723815918,3,238,,1
Final_1000_3_25_10_0.3_weighted.csv,1191,sugar,0.06139826774597168,4,98,,1
Final_1000_3_25_10_0.3_weighted.csv,1192,sugar,84.33085656166077,6,1187,,1
Final_1000_3_25_10_0.3_weighted.csv,1193,sugar,0.03237104415893555,3,77,,1
Final_1000_3_25_10_0.3_weighted.csv,1194,sugar,0.0032889842987060547,3,34,,1
Final_1000_3_25_10_0.3_weighted.csv,1196,sugar,0.0006508827209472656,4,14,,1
Final_1000_3_25_10_0.3_weighted.csv,1197,sugar,0.004695892333984375,2,46,,1
Final_1000_3_25_10_0.3_weighted.csv,1198,sugar,305.97807121276855,4,1907,,1
Final_1000_3_25_10_0.3_weighted.csv,1199,sugar,0.06493067741394043,1,55,,1
Final_1000_3_25_10_0.3_weighted.csv,1201,sugar,0.0296938419342041,5,132,,1
Final_1000_3_25_10_0.3_weighted.csv,1202,sugar,0.07248640060424805,6,140,,1
Final_1000_3_25_10_0.3_weighted.csv,1203,sugar,0.00659942626953125,4,31,,1
Final_1000_3_25_10_0.3_weighted.csv,1204,sugar,0.0669550895690918,3,97,,1
Final_1000_3_25_10_0.3_weighted.csv,1206,sugar,0.13415312767028809,2,127,,1
Final_1000_3_25_10_0.3_weighted.csv,1207,sugar,0.005640983581542969,4,60,,1
Final_1000_3_25_10_0.3_weighted.csv,1208,sugar,91.3394603729248,7,1274,,1
Final_1000_3_25_10_0.3_weighted.csv,1209,sugar,1.335303544998169,3,301,,1
Final_1000_3_25_10_0.3_weighted.csv,1211,sugar,0.006954669952392578,3,47,,1
Final_1000_3_25_10_0.3_weighted.csv,1212,sugar,4.439727067947388,3,479,,1
Final_1000_3_25_10_0.3_weighted.csv,1213,sugar,0.013030290603637695,7,54,,1
Final_1000_3_25_10_0.3_weighted.csv,1214,sugar,2.486999034881592,3,342,,1
Final_1000_3_25_10_0.3_weighted.csv,1216,sugar,0.14255285263061523,6,122,,1
Final_1000_3_25_10_0.3_weighted.csv,1217,sugar,0.2521040439605713,2,208,,1
Final_1000_3_25_10_0.3_weighted.csv,1218,sugar,0.015830278396606445,2,69,,1
Final_1000_3_25_10_0.3_weighted.csv,1219,sugar,3.037341356277466,2,427,,1
Final_1000_3_25_10_0.3_weighted.csv,1221,sugar,0.009379863739013672,3,47,,1
Final_1000_3_25_10_0.3_weighted.csv,1222,sugar,0.020685195922851562,3,104,,1
Final_1000_3_25_10_0.3_weighted.csv,1223,sugar,24.72010326385498,3,750,,1
Final_1000_3_25_10_0.3_weighted.csv,1224,sugar,0.012542963027954102,3,24,,1
Final_1000_3_25_10_0.3_weighted.csv,1226,sugar,0.046005964279174805,5,126,,1
Final_1000_3_25_10_0.3_weighted.csv,1227,sugar,0.17251110076904297,12,172,,1
Final_1000_3_25_10_0.3_weighted.csv,1228,sugar,0.062074899673461914,4,112,,1
Final_1000_3_25_10_0.3_weighted.csv,1229,sugar,12.252647161483765,6,605,,1
Final_1000_3_25_10_0.3_weighted.csv,1231,sugar,17.88507652282715,5,675,,1
Final_1000_3_25_10_0.3_weighted.csv,1232,sugar,0.012840509414672852,4,36,,1
Final_1000_3_25_10_0.3_weighted.csv,1233,sugar,0.008341789245605469,3,36,,1
Final_1000_3_25_10_0.3_weighted.csv,1234,sugar,0.007842540740966797,6,40,,1
Final_1000_3_25_10_0.3_weighted.csv,1236,sugar,0.6856470108032227,4,279,,1
Final_1000_3_25_10_0.3_weighted.csv,1237,sugar,0.24533557891845703,4,197,,1
Final_1000_3_25_10_0.3_weighted.csv,1238,sugar,0.04621577262878418,3,77,,1
Final_1000_3_25_10_0.3_weighted.csv,1239,sugar,0.4068028926849365,2,218,,1
Final_1000_3_25_10_0.3_weighted.csv,1241,sugar,0.01701664924621582,3,74,,1
Final_1000_3_25_10_0.3_weighted.csv,1242,sugar,10.874554634094238,7,635,,1
Final_1000_3_25_10_0.3_weighted.csv,1243,sugar,0.7424952983856201,3,232,,1
Final_1000_3_25_10_0.3_weighted.csv,1244,sugar,0.20819592475891113,4,183,,1
Final_1000_3_25_10_0.3_weighted.csv,1246,sugar,0.28747129440307617,13,179,,1
Final_1000_3_25_10_0.3_weighted.csv,1247,sugar,0.004423379898071289,6,42,,1
Final_1000_3_25_10_0.3_weighted.csv,1248,sugar,0.35613465309143066,3,184,,1
Final_1000_3_25_10_0.3_weighted.csv,1249,sugar,0.005810737609863281,3,48,,1
